agent_code,description,agent_type
ABARA,PARQUE EOLICO ALTO DE ABARA,GENERACIÓN RECORE
ABAST,ABASTE COMERCIALIZADORA S.L.,COMERCIALIZADOR
ABESL,"AB ENERGÍA 1903, S.L.U.",COMERCIALIZADOR
ABOGE,ABOÑO GENERACIONES ELECTRICAS SLU,GENERACIÓN
ABOUT,"ABOUT WHITE, S.L.",COMERCIALIZADOR
ABRA,ENERGÍAS RENOVABLES EL ABRA,GENERACIÓN RECORE
ABRIL,ABRIL S.A.U,CONSUMIDOR DIRECTO
ACAMP,"ACAMPO ARIAS, S.L.",GENERACIÓN RECORE
ACAPE,ACAPERSA 1997 SL,CONSUMIDOR DIRECTO
ACCEO,CORPORACIÓN ACCIONA EÓLICA S.L. UNIPERSONAL,GENERACIÓN RECORE
ACCGR,"ACCIONA GREEN, SUCURSAL PT",COMERCIALIZADOR
ACCRO,"CORPORACIÓN ACCIONA HIDRÁULICA, S.L.",GENERACIÓN
ACCSA,"ACCIONA SALTOS DE AGUA, S.L.",GENERACIÓN RECORE
ACENH,ACENHOL ENERGIA SL,COMERCIALIZADOR
ACENO,ACEITUNERA DEL NORTE DE CACERES SCL DE 2 GRADO,CONSUMIDOR DIRECTO
ACERO,"ACEROS PARA LA CONSTRUCCION, S.A.",CONSUMIDOR DIRECTO
ACESA,AUTOMATIZACION Y CONTROL  EMPRESARIAL S.L,CONSUMIDOR DIRECTO
ACHER,"ELECTRICA DE CHERA, S.C.V.",COMERCIALIZADOR
ACL,ACILOE,GENERACIÓN RECORE
ACROS,"ACROSSCAPACITY, LDA",COMERCIALIZADOR
ACSOL,"ACSOL ENERGIA GLOBAL, S.A.",COMERCIALIZADOR
ACTIV,ACTIVA COMERCIALIZADORA DE ENERGIA S.L.,COMERCIALIZADOR
ADEIN,ADEINNOVA ENERGIA,COMERCIALIZADOR
ADELF,ADELFAS ENERGIA SL,COMERCIALIZADOR
ADR,PARQUE EÓLICO DE ADRAÑO,GENERACIÓN RECORE
ADSEN,ADS ENERGIA AUDITORES Y CONSULTORES SL,COMERCIALIZADOR
ADSSM,ADS ENERGY 8.0 SL,COMERCIALIZADOR
ADUR,ADURIZ ENERGÍA SLU,COMERCIALIZADOR
ADXRA,ADX RENOVABLES SL,COMERCIALIZADOR
ADXRE,AUDAX RENOVABLES S.A.,COMERCIALIZADOR
AEDEN,"AED ENERGÍA ELÉCTRICA, S.L.",COMERCIALIZADOR
AEGAL,ACCIONA EOLICA DE GALICIA,GENERACIÓN RECORE
AENER,COX ENERGIA COMERCIALIZADORA ESPAÑA S.L.U.,COMERCIALIZADOR
AEQ,"AEQ W2M, S.A.",COMERCIALIZADOR
AER,"RWE INNOGY AERSA, S.A.U.",GENERACIÓN RECORE
AFRIC,"AFRICANA ENERGIA, S.L.U",GENERACIÓN
AFROA,"AFRODITA SOLAR, S.L.U.",GENERACIÓN
AGALG,"AGROENERGÉTICA DE ALGODONALES, S.L.",GENERACIÓN RECORE
AGATH,"AGATHA ENERGIA, S.L",GENERACIÓN
AGE,GRUPO ENERGÉTICO ASECOR S.L,COMERCIALIZADOR
AGENT,"AE3000 AGENT COMERCIALITZADOR, S.L.",REPRESENTANTE
AGLUZ,AGORALUZ ENERGIA LDA,COMERCIALIZADOR
AGMA,AGUAS DEL MARQUESADO,CONSUMIDOR DIRECTO
AGRI,"AGRI-ENERGÍA, S.A.",COMERCIALIZADOR
AGUA,"RENOVABLES TRILLAR, S.L.",GENERACIÓN
AGUI,DESARROLLO EOLICO EL AGUILA,GENERACIÓN RECORE
AGUIL,"AGUILON 20, S.A.",GENERACIÓN RECORE
AGVPI,VICTOR MANUEL TORRO FERRERO,CONSUMIDOR DIRECTO
AHOE,AHORRA ENERGIA ASESORES SL,COMERCIALIZADOR
AIREL,AIRE LIMPIO S.L.,COMERCIALIZADOR
AIZEE,"AIZEN ENERGIA SOSTENIBLE Y RENOVABLE, S.L",COMERCIALIZADOR
AJENE,"A2J ENERGÍA, S.L.",COMERCIALIZADOR
ALAHU,HIDROCARBUROS ALHAURÍN SL,COMERCIALIZADOR
ALAND,"AL-ANDALUS WIND POWER, S.L.",GENERACIÓN RECORE
ALBCO,COMERCIALIZADORA ELECTRICA DE ALBATARREC SLU,COMERCIALIZADOR
ALCAN,ALCANZIA ENERGIA S.L.,COMERCIALIZADOR
ALCAR,"DESIMPACTE DE PURINS ALCARRAS, S.A.",GENERACIÓN RECORE
ALCOL,HIDRAULICA ALCOLEA,GENERACIÓN RECORE
ALDE,EXPLOTACIONES EÓLICAS ALDEHUELAS,GENERACIÓN RECORE
ALDEB,"ALDEBARÁN ENERGIA DEL GUADALQUIVIR, S.L.",GENERACIÓN RECORE
ALDEC,"ACCIONA COMERCIALIZADORA B2C, S.L. UNIPERSONAL",COMERCIALIZADOR
ALDEF,"ALDEFE COMERCIALIZADORA DE ENERGIA, S.L.",COMERCIALIZADOR
ALDEO,ALDESA EÓLICO OLIVILLO S.A.,GENERACIÓN RECORE
ALDRO,"ENI PLENITUDE IBERIA, S.L.U.",COMERCIALIZADOR
ALDRP,"ENI PLENITUDE IBERIA, S.L.U.-SUCURSAL EM PORTUGAL",COMERCIALIZADOR
ALECB,"ALECTORIS ENERGÍA SOSTENIBLE 10, S.L",GENERACIÓN
ALECC,"ALECTORIS ENERGÍA SOSTENIBLE 11, S.L",GENERACIÓN
ALECD,"ALECTORIS ENERGÍA SOSTENIBLE 12, S.L",GENERACIÓN
ALENE,AHORA LUZ ENERGÍA SL,COMERCIALIZADOR
ALENT,PARQUE EÓLICO ALENTISQUE,GENERACIÓN RECORE
ALFAE,"ALFA ENERGIA, LDA",COMERCIALIZADOR
ALFOZ,"EOLICA DEL ALFOZ, S.L.",GENERACIÓN RECORE
ALGI,"SUMINISTROS ESPECIALES ALGINETENSES, S.C.V.",COMERCIALIZADOR
ALIOE,ALIO ENERGIA S.L.,COMERCIALIZADOR
ALMAE,"ALUMINIOS DEL MAESTRE, S.A.",CONSUMIDOR DIRECTO
ALPEX,"ALPEX IBERICA DE ENERGIA,S.L",COMERCIALIZADOR
ALSEC,ALSET COMERCIALIZADORA S.L.,COMERCIALIZADOR
ALSEG,ALQUILER SEGURO ENERGIA SA,COMERCIALIZADOR
ALSUN,ALTER ENERSUN S.A.,GENERACIÓN
ALTAM,SISTEMAS ENERGÉTICOS ALTAMIRA,GENERACIÓN RECORE
ALTEX,"ALTER ENERSUN CÁCERES UNO, S.L.U",GENERACIÓN
ALTEY,"ALTER ENERSUN CÁCERES DOS, S.L.U",GENERACIÓN
ALTEZ,ALTER ENERSUN CÁCERES TRES S.L.,GENERACIÓN
ALTOR,"DESIMPACTO DE PURINES ALTORRICON, S.A",GENERACIÓN RECORE
ALUZ,AHORRELUZ SERVICIOS ONLINE SL,COMERCIALIZADOR
ALUZE,ALUZ ENERGÍA ELÉCTRICA SL,COMERCIALIZADOR
ALVAR,"TERMOSOLAR ALVARADO, S.L.",GENERACIÓN RECORE
ALVO,"Parque Eólico Altos del Voltoya, S.A.",GENERACIÓN RECORE
AMADR,"ELÉCTRICA ANTONIO MADRID, S.L.",COMERCIALIZADOR
AME,FACTOR ENERGIA ESPAÑA SAU,COMERCIALIZADOR
AMELU,ARCELORMITTAL ENERGY S.C.A,COMERCIALIZADOR
AMOBI,ALCOMOBI S.L,CONSUMIDOR DIRECTO
AMPEA,AMPERE ENERGY COMERCIALIZADORA Y SERVICIOS ENERGET,COMERCIALIZADOR
AMPER,AMPERIOS ENERGY TRADE SL,COMERCIALIZADOR
ANDAC,ANDALUZA DE CALES S.A.,CONSUMIDOR DIRECTO
ANDAS,"ANDASOL-1 CENTRAL TERMOSOLAR UNOS, S.A.",GENERACIÓN RECORE
ANDA2,"ANDASOL-2 CENTRAL TERMOSOLAR DOS, S.A.",GENERACIÓN RECORE
ANDA3,"MARQUESADO SOLAR, S.L.",GENERACIÓN RECORE
ANDGE,ANDUEZA GENERACION ELECTRICA SL,GENERACIÓN
ANGEL,GENHIDRO S.L.,GENERACIÓN RECORE
ANGLB,"ENERGYASSET COMERCIALIZADORA DE ENERGIA, S.L.",COMERCIALIZADOR
ANIMA,GLOBELIGHT ENERGY SL,COMERCIALIZADOR
ANOIA,ANOIA D'ENERGIA  S.AU.,GENERACIÓN RECORE
ANTEA,ANTEA ENERGÍA COMERCIALIZADORA SL,COMERCIALIZADOR
ANTEL,HIDROELECTRICA ANTELLA ESCALONA,GENERACIÓN RECORE
ANTIS,ANTIS GUADARRAMA S.L,CONSUMIDOR DIRECTO
ANTUK,"ANTUKO ENERGIA, S.L",COMERCIALIZADOR
ANUBI,"ANUBIS ENERGIA, SL",GENERACIÓN
APHID,"APROVECHAMIENTOS HIDRÁULICOS GALLEGOS, S.A.",GENERACIÓN RECORE
APOLB,APOLO BUSINESS SL,COMERCIALIZADOR
APRES,APRESTOS DE LANERIA SA,CONSUMIDOR DIRECTO
APRIM,AUSARTA PRIMA S.L.,COMERCIALIZADOR
ARACA,ARACÁN ENERGÍA,COMERCIALIZADOR
ARAMO,"EL PARAMO PARQUE EÓLICO, S.L.",GENERACIÓN RECORE
ARAS,ARASOL,CONSUMIDOR DIRECTO
ARATO,"ARCILLAS ATOMIZADAS, S.A.",GENERACIÓN RECORE
ARAVI,"ARAGONESA DEL VIENTO, S.A.",GENERACIÓN RECORE
ARCAS,PIZARRAS LAS ARCAS,CONSUMIDOR DIRECTO
ARCPR,"PIZARRAS ARCAS PRADA, S.L.",CONSUMIDOR DIRECTO
ARCSO,ARCOSOL 50 S.A.,GENERACIÓN RECORE
ARDUG,"ARIÑO DUGLASS, S.A.",CONSUMIDOR DIRECTO
AREPO,AUDAX RENOVABLES S.A.-SUCURSAL EM PORTUGAL,COMERCIALIZADOR
AREVA,FUENTE AREVALILLO S.L.,CONSUMIDOR DIRECTO
ARFRU,ARCOFRUITS ESPAÑA SL,CONSUMIDOR DIRECTO
ARGIM,ARGIMODE SL,CONSUMIDOR DIRECTO
ARGUS,"COLABORA ENERGIA-ARGUS, S.L.",COMERCIALIZADOR
ARLA,"Eólica Arlanzón, S.A.",GENERACIÓN RECORE
ARMA,ARMADILLA S.L.U,CONSUMIDOR DIRECTO
ARNOY,HIDROELÉCTRICA DEL ARNOYA,GENERACIÓN RECORE
ARQUE,"ARTESANOS QUESEROS MANCHEGOS, S.L.",CONSUMIDOR DIRECTO
ARRUB,CONTOURGLOBAL LA RIOJA S.L. ,GENERACIÓN
ARTED,"ARTEMISA ENERGIA, S.L.U.",GENERACIÓN
ASIE,ASISTENCIA ENERGÉTICA S.L.,REPRESENTANTE
ASOL2,"MANCHASOL-2 CENTRAL TERMOSOLAR DOS, S.L.",GENERACIÓN RECORE
ASSEN,"ASSENN ENERGY, S.L.",COMERCIALIZADOR
AST,ASTURAGUA SEVICIO INTEGRAL DEL CICLO DEL AGUA SAU,CONSUMIDOR DIRECTO
ASTEN,ASTEN RENOVABLES S.L.U.,COMERCIALIZADOR
ASTIG,ASTIGLASS SL,CONSUMIDOR DIRECTO
ASTRA,ASTRALCAD ENERGIA SL,COMERCIALIZADOR
ASTUP,ASTURPESCA S.L.,CONSUMIDOR DIRECTO
ASUR,"AEROGENERADORES DEL SUR, S.A.",GENERACIÓN RECORE
ATAL,"ATOMIZADAS DE ALCORA, S.A.",GENERACIÓN RECORE
ATALA,"LAS NAVARRICAS DE BORDÓN, S.L.",GENERACIÓN RECORE
ATENC,ATENCO ENERGIA,COMERCIALIZADOR
ATIX,"ATOMIX, S.A.",GENERACIÓN
ATJ,A.T.J. ASESORÍA TÉCNICO JURÍDICA,GENERACIÓN RECORE
ATLAS,ATLAS ENERGIA COMERCIAL SL,COMERCIALIZADOR
ATOR,"ATOMCER, S.A.",GENERACIÓN
ATPEN,ATP ENERGIA SL,COMERCIALIZADOR
ATRES,ATRIA INVERSIONES ENERGIA S.L.,COMERCIALIZADOR
ATUDE,AGROELECTRICA TUDELANA,GENERACIÓN RECORE
ATZ,"ATOMIZADORA, S.A.",GENERACIÓN
AULLA,"ENERGÍAS ESPECIALES DEL ALTO ULLA, S.A.",GENERACIÓN RECORE
AVIL,AYUNTAMIENTO DE AVILES,CONSUMIDOR DIRECTO
AXPOP,AXPO ENERGIA PORTUGAL,COMERCIALIZADOR
AYLUZ,AYLUZ COMERCIALIZADORA ELECTRICA S.L,COMERCIALIZADOR
AZEB,"AZUCARERA EBRO, S.L.",GENERACIÓN RECORE
AZU1,AZULIBER 1 S.L.,GENERACIÓN RECORE
BACA,BACAICOA INDUSTRIAS PLASTICAS S.A,CONSUMIDOR DIRECTO
BAENA,"AGROENERGÉTICA DE BAENA, S.L.",GENERACIÓN RECORE
BAGE,"BARRAS ELECTRICAS GENERACION, S.L.",GENERACIÓN
BALEI,"BALEIKE, S.L.",CONSUMIDOR DIRECTO
BARCO,HIDROELECTRICA EL BARCO,GENERACIÓN RECORE
BAREI,"NORVENTO HIDRÁULICA, S.A.",GENERACIÓN RECORE
BARER,BARBO ENERGÍAS RENOVABLES S.A.,GENERACIÓN
BASKO,BASKONIA KIROL HIRIA SLU,CONSUMIDOR DIRECTO
BAZA,"Parque Eólico de Barbanza, S.A.",GENERACIÓN RECORE
BBEL,BAHIA DE BIZKAIA ELECTRICIDAD S.L.,GENERACIÓN
BCL,BIOCARBURANTES DE CASTILLA Y LEÓN,GENERACIÓN RECORE
BCO,"BÉTICA DE COGENERACIÓN, S.A.",GENERACIÓN
BCO1,"BÉTICA DE COGENERACIÓN 1, S.A.",GENERACIÓN
BEA,BECOSA EÓLICO ALIJAR,GENERACIÓN RECORE
BECO,"BASSOLS ENERGÍA COMERCIAL, S.L.",COMERCIALIZADOR
BEFE,"BEFESA VALORIZACIÓN DE AZUFRE, S.L.",GENERACIÓN RECORE
BELLA,VIRGEN DE LA BELLA,GENERACIÓN
BELMO,"PARQUE EÓLICO BELMONTE, S.A.",GENERACIÓN RECORE
BENOI,BEROIL ENERGIA ELECTRICA SLU,COMERCIALIZADOR
BERNA,BERNA TEXTIL S.L.,CONSUMIDOR DIRECTO
BESPI,BESPIN ENEGIA SL,COMERCIALIZADOR
BESTO,"BEST OPTION ENERGY, S.L.",COMERCIALIZADOR
BEYON,"LUZIA ENERGIA, S.L.",COMERCIALIZADOR
BIERZ,ENERGÍAS ALTERNATIVAS DEL BIERZO I,GENERACIÓN RECORE
BINEF,CLAVERIA ALCALA BINEFAR S.L.,CONSUMIDOR DIRECTO
BINGO,BINGO CIUDADELA S.A,CONSUMIDOR DIRECTO
BIOAS,"BIOASTUR, A.I.E.",GENERACIÓN RECORE
BIODI,BIODIESEL ARAGON SL,CONSUMIDOR DIRECTO
BIOFO,BIOFOSIL S.L,CONSUMIDOR DIRECTO
BIOGA,"BIOETANOL GALICIA, S.A.",GENERACIÓN RECORE
BIONO,BIONOR EÓLICA,GENERACIÓN RECORE
BIOPG,"BIOMASAS DE PUENTE GENIL, S.L.",GENERACIÓN
BIOPO,BIOCOMPOST DE LUGO SL,CONSUMIDOR DIRECTO
BIOV,"BIOVENT ENERGÍA, S.A.",GENERACIÓN RECORE
BIROU,BIROU GAS SL,COMERCIALIZADOR
BISA,"BIOENERGÍA SANTAMARÍA, S.A.",GENERACIÓN
BIZE,"BIZKAIA ENERGIA, S.L.",GENERACIÓN
BJAC,BENJAC,GENERACIÓN RECORE
BNPRU,"BON PREU, S.A.U.",COMERCIALIZADOR
BOAEN,"BOAENERGETICA 2000, S.L.",COMERCIALIZADOR
BOFIL,CLINICA BOFILL S.L.,CONSUMIDOR DIRECTO
BOIRO,"BOIRO ENERGIA, S.A.",GENERACIÓN
BONAR,"BOÑAR ENERGIA, S.L.",GENERACIÓN RECORE
BORDA,"DESTILACIONES BORDAS CHINCHURRETA, S.A.",CONSUMIDOR DIRECTO
BORE2,BOREAS EÓLICA 2,GENERACIÓN RECORE
BORJA,SANCHO DE BORJA S.L,CONSUMIDOR DIRECTO
BOTAR,CONSORCI GESTIO RESIDUS MUNICIPALS DEL BAIX CAMP,GENERACIÓN RECORE
BP,"BP GAS AND POWER IBERIA, S.A.U.",COMERCIALIZADOR
BPOIL,"BP OIL REFINERÍA DE CASTELLÓN, S.A.U.",GENERACIÓN RECORE
BRILE,"BRILEN, S.A.",GENERACIÓN
BRIVI,"BIOMASA BRIVIESCA, S.A.",GENERACIÓN RECORE
BRONC,AGUA DE BRONCHALES S.A.,CONSUMIDOR DIRECTO
BRUJU,EOLICA LA BRUJULA,GENERACIÓN RECORE
BSGEA,BSG ENERGIA SL,COMERCIALIZADOR
BSI,PARQUE EÓLICO DE BOBIA Y SAN ISIDRO,GENERACIÓN RECORE
BURGE,BURGALESA DE GENERACION EOLICA,GENERACIÓN RECORE
BVCOR,"BON VENT DE CORBERA, S.L.",GENERACIÓN RECORE
BVVIL,"BON VENT DE VILALBA, S.L.U",GENERACIÓN RECORE
BYENE,"BY ENERGYC ENERGIA EFICIENTE, S.L.",COMERCIALIZADOR
CABAN,E-COGENERACION CABANILLAS SL,GENERACIÓN RECORE
CADOS,CADOS 99,GENERACIÓN RECORE
CAFOR,INDUSTRIAS CAFOR SA,CONSUMIDOR DIRECTO
CALCE,CAL DE CASTILLA,CONSUMIDOR DIRECTO
CALDE,LA CALDERA ENERGÍA BURGOS,GENERACIÓN RECORE
CALEA,CALERA DE ALZO S.L.,CONSUMIDOR DIRECTO
CALL,"ELÉCTRICA CALLOSINA, SLU",COMERCIALIZADOR
CALLO,"ELECTRICA DE CALLOSA DE SEGURA, CV",COMERCIALIZADOR
CAMCO,ENERGIAS DE LA VILLA DE CAMPO COMERCIALIZADORA SLU,COMERCIALIZADOR
CANDL,CANDELA COMERCIALIAZADORA S.L,COMERCIALIZADOR
CAPE,PARQUE EOLICO A CAPELADA,GENERACIÓN RECORE
CAPSA,"CORPORACIÓN ALIMENTARIA PEÑASANTA, S.A.",GENERACIÓN
CAPTA,CAPTURA ENERGIA S.L.,COMERCIALIZADOR
CARBA,"P.E. SIERRA DE LAS CARBAS, S.L.",GENERACIÓN RECORE
CARGY,"CARTO ENERGY, SOCIEDAD LIMITADA",COMERCIALIZADOR
CARRA,PARQUE EOLICO LA CARRACHA,GENERACIÓN RECORE
CARTA,ENGIE CARTAGENA S.L,GENERACIÓN
CASAT,COM. AGROPECUARIA SDAD.AGRARIA DE TRANSFORMACION,CONSUMIDOR DIRECTO
CASOL,CENTRAL HIDROELÉCTRICA DE CAMPOSOLILLO,GENERACIÓN RECORE
CAST,"CASTRIOS, S.A.",GENERACIÓN RECORE
CASTI,"EOLICA DE CASTIL DE TIERRA, S.L.",GENERACIÓN RECORE
CASTL,"IBERDROLA RENOVABLES CASTILLA Y LEÓN, S.A.",GENERACIÓN RECORE
CATER,"CATALANA DE ENERGIAS RENOVABLES, S.L.",GENERACIÓN RECORE
CATGA,CATGAS ENERGIA SA,COMERCIALIZADOR
CATRA,"ELECTRICA CATRALENSE, S.L.U.",COMERCIALIZADOR
CCATR,"COOPERATIVA ELÉCTRICA BENÉFICA CATRALENSE, COOP.V.",COMERCIALIZADOR
CCORA,COGENERACION CORA,GENERACIÓN RECORE
CCSR4,"CENTRAL TERMICA CICLO COMBINADO GRUPO 4, SL",GENERACIÓN
CEA,"COOP ELÉCTRICA BENÉFICA ALBATERENSE, COOP.V.",COMERCIALIZADOR
CEAR,COMPAÑÍA EÓLICA ARAGONESA,GENERACIÓN RECORE
CEASA,CELULOSAS DE ASTURIAS (ACTIVIDAD: GENERACIÓN),GENERACIÓN
CEBA,CORPORACION EOLICA DE BARRUELO,GENERACIÓN RECORE
CECA,"COOPERATIVA ELECTRICA DE CASTELLAR, S.C.V.",COMERCIALIZADOR
CEDSL,COMERCIALIZADORA DE ENERGIA DIRECTA S.L.,COMERCIALIZADOR
CEE,COMPAÑÍA DE EXPLOTACIONES ENERGÉTICAS,GENERACIÓN RECORE
CEEE,ESCANDINAVA DE ELECTRICIDAD S.L.U.,COMERCIALIZADOR
CEG,ENERGYA VM GENERACIÓN (ACT. COMER. RE),COMERCIALIZADOR
CEGRA,CORPORACIÓN EÓLICA GRANADINA,GENERACIÓN RECORE
CELAD,"PARQUES EÓLICOS CELADAS, S.L.",GENERACIÓN RECORE
CELAT,CELSA ATLANTIC S.L.,CONSUMIDOR DIRECTO
CELL,CELLTECH S.L.U,CONSUMIDOR DIRECTO
CELSA,"COMPAÑÍA ESPAÑOLA DE LAMINACIÓN, S.L.",CONSUMIDOR DIRECTO
CEMA,CORPORACION EOLICA DE MANZANEDO,GENERACIÓN RECORE
CEMEK,"ENUCA COMERCIALIZADORA, S.L.U",COMERCIALIZADOR
CENER,"CELULOSA ENERGÍA, S.A.U. ",GENERACIÓN RECORE
CENES,ENERGYA VM ENERGIAS ESPECIALES,COMERCIALIZADOR
CENTE,"ENERGYA VM GESTION DE ENERGIA, S.L.",COMERCIALIZADOR
CENTS,ELECTRACOMERCIAL CENTELLES,COMERCIALIZADOR
CENU,CERÁMICA NULENSE,GENERACIÓN RECORE
CEPEN,"COMERCIALIZADORA ELECTRICA PENINSULAR, S.L.",COMERCIALIZADOR
CEPM,"COMPAÑIA ENERGETICA PATA DE MULO, S.L.",GENERACIÓN RECORE
CEPSB,"MOEVE CHEMICALS, S.A.U.",CONSUMIDOR DIRECTO
CEPSP,CEPSA GAS Y ELECTRICIDAD S.A.-SUCURSAL EM PORTUGAL,COMERCIALIZADOR
CER,CASTELLANA DE ENERGÍA RENOVABLE,GENERACIÓN RECORE
CERES,COGEN ERESMA S.L.,GENERACIÓN RECORE
CERLE,ELECTRONICA CERLER SA,CONSUMIDOR DIRECTO
CERRA,PARQUES EÓLICOS DE CERRATO,GENERACIÓN RECORE
CERTE,CERTEST BIOTEC S.L,CONSUMIDOR DIRECTO
CESOS,"COMERCIALIZADORA ENERGETICA SOSTENIBLE, S.A.",COMERCIALIZADOR
CESPA,"CESPA COMPAÑIA ESPAÑOLA DE SERVICIOS. PUBLICOS  AUXILIARES, S.A.",GENERACIÓN
CESRE,"CESPA GESTIÓN RESIDUOS, S.A.",GENERACIÓN
CETA,COMPAÑÍA ENERGÉTICA PARA EL TABLERO,GENERACIÓN RECORE
CETAL,COMERCIALIZADORA ELECTRICA TALAYUELAS S.L.,COMERCIALIZADOR
CETU,"CERÁMICA TUDELANA, S.A.",GENERACIÓN
CEVA,"CORPORACIÓN EÓLICA DE VALDIVIA, S.L.",GENERACIÓN RECORE
CEZA,CORPORACION EOLICA DE ZAMORA,GENERACIÓN RECORE
CEZAG,"CORPORACIÓN EÓLICA DE ZARAGOZA, S.L.",GENERACIÓN RECORE
CGRVO,CONSORCI GESTIO RESIDUS V.ORIENTAL,GENERACIÓN RECORE
CHAN,"SISTEMAS ENERGÉTICOS CHANDREXA, S.A.",GENERACIÓN RECORE
CHAND,RECICLAJES ECOLOGICOS CHANDUY  S.L.U.,COMERCIALIZADOR
CHARG,CHARGE ENERGY SL,COMERCIALIZADOR
CHC,"CIDE HCENERGIA, S.A.U",COMERCIALIZADOR
CHCOR,"COMERCIALIZADOR DE REFERENCIA ENERGÉTICO, S.L.U",COMERCIALIZADOR ULTIMO RECURSO
CHDUE,CONFEDERACION HIDROGRAFICA DEL DUERO,GENERACIÓN
CHEBR,CONFEDERACIÓN HIDROGRÁFICA DEL EBRO,GENERACIÓN
CHERA,ELECTRICA SOT DE CHERA,COMERCIALIZADOR
CHPED,CENTRAL HIDROELECTRICA SAN PEDRO DE ARAIA S.A.,COMERCIALIZADOR
CHURC,"CHURCH ENERGY, S.L.",COMERCIALIZADOR
CHURR,"PRODUCTOS CHURRUCA, S.A.",CONSUMIDOR DIRECTO
CIEN,CIENER S.A.,GENERACIÓN RECORE
CIMA,CIMA ENERGIA COMERCIALIZADORA SL,COMERCIALIZADOR
CINSE,PARQUE EOLICO CINSEIRO,GENERACIÓN RECORE
CLADA,CLADA SLU,CONSUMIDOR DIRECTO
CLEAN,"ZERO WASTE BIOENERGY CASTILLA LA MANCHA, S.L.",GENERACIÓN
CLEAR,CLEARVIEW ENERGY SL.,COMERCIALIZADOR
CLHSA,"COMPAÑIA LOGÍSITCA DE HIDROCARBUROS CLH, S.A.",CONSUMIDOR DIRECTO
CLIDM,HOLALUZ-CLIDOM SA,COMERCIALIZADOR
CLIDP,CLIDOMER UNIPESSOAL LDA,COMERCIALIZADOR
CMINE,"HIDROELECTRICA COTO MINERO, S.A.",GENERACIÓN RECORE
CMORE,"MOLINOS DEL CERRO MORENO, S.L.",GENERACIÓN RECORE
CMORO,PARC EOLIC COLL DEL MORO SLU,GENERACIÓN RECORE
CMT,"COGENERACIÓN MOTRIL, S.A.",GENERACIÓN
COALG,"COMERCIALIZADORA SUM ESP ALGINETENSES, S.L.",COMERCIALIZADOR
COBUR,"COGENERADORA BURGALESA, S.L.",GENERACIÓN
CODOR,ENERGIA COSTA DORADA SLU,COMERCIALIZADOR
COELD,ELECTRICA DE GUADASSUAR COOP. V.,COMERCIALIZADOR
COFRE,"PARQUE EÓLICO COFRENTES, S.L.U.",GENERACIÓN
COGEN,ENERGY BY COGEN,COMERCIALIZADOR
COHID,CORTIZO HIDROELÉCTRICA,GENERACIÓN RECORE
COLCR,"COBRE LAS CRUCES, S.A.U.",CONSUMIDOR DIRECTO
COLIV,"PARQUE EOLICO CERRO OLIVA, S.L.",GENERACIÓN RECORE
COLOM,FIESTA COLOMBINA S.L,CONSUMIDOR DIRECTO
COMBU,COMBUSTIBLES DEL CANTABRICO S.L,CONSUMIDOR DIRECTO
COMCH,COMERCIALIZADORA LA CHISTABINA S.L.U,COMERCIALIZADOR
COMED,"COMERCIALIZADORA ELECTRICA DE TENERIFE, S.L.",COMERCIALIZADOR
COMEE,"COMERCIALIZADORA DE ENERGÍA TRANSPARENTE, SL",COMERCIALIZADOR
COMEF,COMERCIALIZADORA DE ENERGIAS RENOVABLES Y DE SERVI,COMERCIALIZADOR
COMER,COMERCAST ENERGIAS S.L.,COMERCIALIZADOR
COMPA,COMPAÑIA CASTELLANA DE COMERCIALIZACION ELECTRICA,COMERCIALIZADOR
COMS,PARC EÓLICO LES COMES,GENERACIÓN RECORE
CONAV,COGENERACIÓN DE NAVIA,GENERACIÓN RECORE
CONEC,CONECTA2 ENERGIA SL,COMERCIALIZADOR
CONFE,"CONFEDERACIÓN HIDROGRÁFICA DEL MIÑO-SIL, O.A",GENERACIÓN
CONFI,"CONFIREL, A.I.E.",GENERACIÓN
CONOR,COGENERACIÓN DEL NOROESTE,GENERACIÓN RECORE
CONSB,"CONSULTING AND MANAGEMENT GREEN ENERGY, SL",COMERCIALIZADOR
CONTA,TUNERGIA EFICIENCIA ENERGETICA Y RENOVABLE S.L.,COMERCIALIZADOR
CONV,PARQUE EOLICO CORRAL NUEVO,GENERACIÓN RECORE
CONVA,CONVA LITERA S.L.,GENERACIÓN
COOPB,SOCIEDAD COOP AGRARIA (SAN MARTIN) DE BELCHITE,CONSUMIDOR DIRECTO
CORCO,"DESIMPACTE DE PURINS CORCO, S.A.",GENERACIÓN RECORE
COREN,COOPERATIVAS ORENSANAS,GENERACIÓN RECORE
COREY,"COREYSA COGENERACIÓN, S.A.",GENERACIÓN RECORE
CORPO,"CORPOLUX, S.L.",COMERCIALIZADOR
CORTE,AGUAS DE CORTES S.A.,CONSUMIDOR DIRECTO
COTIR,"SOCIETAT MUNICIPAL DE COM. ELECTRICA DE TIRVIA, S.L.",COMERCIALIZADOR
COVAP,SDAD.COOP.AND.GANADERA DEL VALLE DE LOS PEDROCHES,GENERACIÓN RECORE
COVI,"COGENERACIÓN VILLARICOS, S.A.",GENERACIÓN
COVIS,COVISLAN,GENERACIÓN RECORE
CPAR,CENPAR,GENERACIÓN RECORE
CPG,"COMPACGLASS, S.L.",GENERACIÓN
CPNO,"Eólica Campollano, S.A.",GENERACIÓN RECORE
CRADO,"EOLICA DE RADONA, SL",GENERACIÓN RECORE
CRCES,COMUNIDAD DE REGANTES DEL CANAL DE ESTREMERA,CONSUMIDOR DIRECTO
CREAE,"CREAENERGIA ECO, S.L.U.",COMERCIALIZADOR
CRESO,CRECE SOLUCIONES DE ENERGÍA SL,COMERCIALIZADOR
CRNOR,CERANOR,GENERACIÓN RECORE
CRUZC,PARQUE EÓLICO CRUZ DE CARRUTERO,GENERACIÓN RECORE
CRVIG,COMUNIDAD REGANTES VALLE INFERIOR GUADALQUIVIR,CONSUMIDOR DIRECTO
CSEUS,ZERO WASTE COGENERACION EUSKADI SL,GENERACIÓN
CTNU,ENGIE CASTELNOU,GENERACIÓN
CUENC,"ENERGÍAS EÓLICAS DE CUENCA, S.A.",GENERACIÓN RECORE
CUNC,"ELECTRA CUNTIENSE COMERCIALIADORA, S.L.U.",COMERCIALIZADOR
CUPA,CUPIRE PADESA S.L,CONSUMIDOR DIRECTO
CUR,PARQUE EÓLICO DE CURRÁS,GENERACIÓN RECORE
CUVER,"CUVER DESTELLA ENERGIA, SL.",COMERCIALIZADOR
CYDAE,"COMERCIAL Y ASESORA DE ELECTRICIDAD, S.L.",COMERCIALIZADOR
CYDDP,IGNIS GENERACIÓN S.L.,GENERACIÓN
CYE,CYE ENERGIA S.L.,COMERCIALIZADOR
CZFV,CONSORCIO ZONA FRANCA DE VIGO,CONSUMIDOR DIRECTO
DAIMU,DAIMUZ ENERGIA SL,COMERCIALIZADOR
DANOS,"DERIVADOS ASFÁLTICOS NORMALIZADOS, S.A.",CONSUMIDOR DIRECTO
DANTA,DANTA DE ENERGÍAS,GENERACIÓN RECORE
DARUZ,"PIENSOS DARUZ, S.L.",CONSUMIDOR DIRECTO
DAVIN,DA VINCI ENERGIA,GENERACIÓN
DCH,DULCES Y CONSERVAS HELIOS S.A.,GENERACIÓN
DEBAR,DEBARU ENERGIA SL,COMERCIALIZADOR
DEBRO,DESARROLLO EOLICO DEL EBRO,GENERACIÓN RECORE
DEMAV,"DESARROLLO EÓLICO LAS MAJAS V, S.L.",GENERACIÓN
DEMEA,"DEMETER ENERGÍA, S.L.U.",GENERACIÓN
DEPOA,DEPORTIVO ALAVES SAD,CONSUMIDOR DIRECTO
DEPON,"ENERGIAS DE PONTEVEDRA, S.L.",GENERACIÓN RECORE
DERMO,"DERIVADOS DEL MONTE, S.L.",GENERACIÓN
DETIC,"MOEVE GAS AND POWER, S.A.U",COMERCIALIZADOR
DEVA,PARQUE EÓLICO DE DEVA,GENERACIÓN RECORE
DEVIL,"PARQUES EOLICOS DE VILLANUEVA, S.L.",GENERACIÓN RECORE
DIELE,DISA ENERGIA ELECTRICA SLU,COMERCIALIZADOR
DILUZ,DILUZ COMERCIALIZADORA DE ELECTRICIDAD S.L.,COMERCIALIZADOR
DIPBA,DIPUTACION PROVINCIAL DE BADAJOZ,CONSUMIDOR DIRECTO
DIREA,DIRECT GREEN,COMERCIALIZADOR
DISCA,DISCONGEL S.A.,CONSUMIDOR DIRECTO
DIVIC,DIVICONSULTING ENERGIA S.L,COMERCIALIZADOR
DLSTE,ENERGÉTICA DEL ESTE S.L,COMERCIALIZADOR
DMAIV,"DESARROLLO EÓLICO LAS MAJAS IV, S.L.",GENERACIÓN
DOLNO,DOLOMITAS DEL NORTE S.A.,CONSUMIDOR DIRECTO
DONBE,"DON BELTRAN MARKET, S.L.",COMERCIALIZADOR
DREUA,"FOENER ENERGÍA, S.L.",COMERCIALIZADOR
DRK,"DRK ENERGY, S.L.",COMERCIALIZADOR
DSMAR,3D SMART ENERGY S.L.,COMERCIALIZADOR
DUERO,DUEROLUZ ENERGIA SL,COMERCIALIZADOR
DUFEA,DUFERCO ENERGIA S.P.A.,COMERCIALIZADOR
DUFER,DXT COMMODITIES SA,COMERCIALIZADOR
DXD,DX COMERCIALIZADORA ENERGETICA SA,COMERCIALIZADOR
DYNEF,DYNEFF ESPAÑA SL,COMERCIALIZADOR
DYNEL,"DYNASOL ELASTOMEROS, S.A.U.",CONSUMIDOR DIRECTO
EALB,"ELECTRICA ALBATERENSE, S.L.",COMERCIALIZADOR
EAM01,ELECTRA ALTO MIÑO COMERCIALIZADORA DE ENEGÍA,COMERCIALIZADOR
EAS,"ENERGÍAS AMBIENTALES DE SOMOZAS, S.A.",GENERACIÓN RECORE
EBAN,"EÓLICA LA BANDERA, S.L.",GENERACIÓN RECORE
EBIAR,ELECTRICA NUESTRA SEÑORA DE GRACIA SCV,COMERCIALIZADOR
EBLCO,"ENGIE ESPAÑA,S.L.U",COMERCIALIZADOR
EBRO,"EOLICA DEL EBRO, S.A.",GENERACIÓN RECORE
EBROE,"EBROENERGIA COMERCIALIZADORA, S.L.",COMERCIALIZADOR
ECAB,"EOLICA CABANILLAS, S.L.",GENERACIÓN RECORE
ECADZ,"COMERCIALIZADORA ELECTRICA DE CADIZ, S.A.",COMERCIALIZADOR
ECAL,"ELECTRA CALDENSE ENERGIA, S.A.",COMERCIALIZADOR
ECAP,"EOLICA CAPARROSO, S.L.",GENERACIÓN RECORE
ECATA,PARQUE EOLICO SANTA CATALINA SL,GENERACIÓN RECORE
ECE,"ELECTRA DEL CARDENER ENERGIA, SAU",COMERCIALIZADOR
ECL,"ENERGÍA DE CASTILLA Y LEÓN, S.A.",GENERACIÓN RECORE
ECOCH,"ECO CHOICE,SA",COMERCIALIZADOR
ECOE,"ECOCARBURANTES ESPAÑOLES, S.A.",GENERACIÓN RECORE
ECOFU,ECOFUTURA LUZ ENERGIA S.L.,COMERCIALIZADOR
ECOIM,ECOLOGICA IBERICA Y MEDITERRANEA SA,CONSUMIDOR DIRECTO
ECOLE,ENERGIA COLECTIVA S.L.,COMERCIALIZADOR
ECOLO,ECOLOGIA QUIMICA SA,CONSUMIDOR DIRECTO
ECON,"ECONACTIVA, S.COOP. DE C-LM",COMERCIALIZADOR
ECOND,"ARSUS ENERGIA, S.L.",COMERCIALIZADOR
ECOTH,ECOTHERMIC XXI SL,COMERCIALIZADOR
ECOVE,ECOVERGY RENOVABLES,COMERCIALIZADOR
ECO1,"ECOPARC DE BARCELONA, S.A.",GENERACIÓN RECORE
ECO2,"ECOPARC DEL BESOS, S.A.",GENERACIÓN RECORE
ECYR,ENEL GREEN POWER ESPAÑA SL (ACT: COM RE),GENERACIÓN RECORE
EDFAC,E.D.F.A. CASABLANCA S.COOP.V.,COMERCIALIZADOR
EDFAS,"COOP.VCIANA.E.D.F.A. SERRALLO, S.COOP.V.",COMERCIALIZADOR
EDFT,EDF TRADING LIMITED,COMERCIALIZADOR
EDP,EDP COMERCIAL COMERCIALIZACAO DE ENERGIA SA,COMERCIALIZADOR
EDPCL,"EDP CLIENTES, S.A.U.",COMERCIALIZADOR
EDPGM,EDP GEM PORTUGAL S.A.,COMERCIALIZADOR
EDPGP,"EDP, S.A.",GENERACIÓN
EDPRE,EDP RENOVABLES ESPAÑA,GENERACIÓN RECORE
EDPSU,"SU ELETRICIDADE, S.A.",COMERCIALIZADOR ULTIMO RECURSO
EDUL,"EOLICA DULCINEA, S.L.",GENERACIÓN RECORE
EEAL,NATURGY VENTO SAU,GENERACIÓN RECORE
EEC,"ENERGÍAS ESPECIALES DE CAREÓN, S.A.",GENERACIÓN RECORE
EECAT,ENERGIAS EOLICAS DE CATALUNYA,GENERACIÓN RECORE
EEK,"EÓLICAS DE EUSKADI, S.A.",GENERACIÓN RECORE
EEMC,"ENERGIAS ESPECIALES MONTES CASTELLANOS, S.L.",GENERACIÓN RECORE
EEN,"ELECTRA ENERGIA, S.A.U.",COMERCIALIZADOR
EENER,MAGNON GREEN ENERGY SL,REPRESENTANTE
EEREN,"ENDESA ENERGIA RENOVABLE, S.L.U.",COMERCIALIZADOR
EESU,EXPLOTACIONES EÓLICAS SIERRA DE UTRERA,GENERACIÓN RECORE
EEXXI,"ENERGÍA XXI COMERCIALIZADORA DE REFERENCIA, S.L.",COMERCIALIZADOR ULTIMO RECURSO
EFG,FACTOR ENERGIA (ACT. GENERACIÓN),COMERCIALIZADOR
EFIDU,EFIDUERO ENERGY SCEL,COMERCIALIZADOR
EFIRA,EFIRAM PATRIMONIO SL,COMERCIALIZADOR
EGA,"BIOENERGÉTICA EGABRENSE, S.A.",GENERACIÓN
EGALE,"ENERXIA GALEGA MAIS, S.L.",COMERCIALIZADOR
EGAZE,ENERGAZE SL,COMERCIALIZADOR
EGED,ACCIONA GREEN ENERGY DEVELOPMENTS (ACT. COMERCI,COMERCIALIZADOR
EGEN,ELECTRICA DE GUIXES ENERGIA,COMERCIALIZADOR
EGLE,"AXPO IBERIA, S.L.",COMERCIALIZADOR
EGRAU,ENERGÍAS DE GRAUS,GENERACIÓN RECORE
EGREN,ENERGREEN MOBILITY S.L,CONSUMIDOR DIRECTO
EGSGE,"EGSG ELECTRIK N1, S.L.",COMERCIALIZADOR
EHN,ACCIONA GENERACIÓN RENOVABLE S.A.,GENERACIÓN RECORE
EINDE,ENERGY INDEX SL,COMERCIALIZADOR
EISSA,EISSL EOLICA SL,GENERACIÓN
EKHIN,"EKHINEO ENERGÍA, S.L.",COMERCIALIZADOR
EKORE,ENERKORE SL,COMERCIALIZADOR
ELALG,ELECTRICA ALGIMIA DE ALFARA,COMERCIALIZADOR
ELALM,ELECTRICITAT D ALMENAR S.L.,COMERCIALIZADOR
ELAS,"ELECDEY ASCOY, S.A.",GENERACIÓN RECORE
ELAVE,"ELECTRA AVELLANA COMERCIAL, S.L",COMERCIALIZADOR
ELBEN,ELECTRICA BENASQUE S.L.,COMERCIALIZADOR
ELCAT,"DISTRIBUIDORA ELÉCTRICA DE CATOIRA, S.A",COMERCIALIZADOR
ELECB,"ELECBALEAR,S.L.",COMERCIALIZADOR
ELECN,"ELECNOVA SIGLO XXI, S.L.",COMERCIALIZADOR
ELEGA,ELEGA ENERGIA,COMERCIALIZADOR
ELEIA,"ELECTRICIDAD ELEIA, S.L.U.",COMERCIALIZADOR
ELEK,ELEK COMERCIALIZADORA ELECTRICA SL,COMERCIALIZADOR
ELERG,ELERGONE ENERGIA SA,COMERCIALIZADOR
ELESU,COMERCIALIZADORA ELECTRICA SUDANELL S.L.U.,COMERCIALIZADOR
ELITE,ELITE BIOENERGIA S.L.,COMERCIALIZADOR
ELMED,ELABORADOS CARNICOS MEDINA S.A.,CONSUMIDOR DIRECTO
ELMEG,ELMEG IBERICA SLU,CONSUMIDOR DIRECTO
ELMON,COM. ELECTRICA DE MONTOLIU DE LLEIDA S.L.U,COMERCIALIZADOR
ELPOP,"ELECTRICA POPULAR, S.COOP.MAD",COMERCIALIZADOR
ELSJ,ELYO SANT JOAN,GENERACIÓN RECORE
ELTED,ELECTED ENERGY SL,COMERCIALIZADOR
ELTES,ELTE SOFTWARE SL,COMERCIALIZADOR
ELUZE,"E-LUZ ENERGY SOLUTIONS, S.L.",COMERCIALIZADOR
ELVA1,"ALDEA CLIENTES, S.L.",COMERCIALIZADOR
ELVA2,"ELEVA 2 COMERCIALIZADORA, S.L.",COMERCIALIZADOR
ELVIS,"ELVISA SOLAR, S.L.",GENERACIÓN
ELYM,COFELY ENERGIA  MARTORELL,GENERACIÓN
EMASA,EMPRESA MUNICIPAL DE AGUAS DE MALAGA SA,GENERACIÓN RECORE
EMBU,EMBUTIDOS RODRIGUEZ S.L,CONSUMIDOR DIRECTO
EMC,"EOLICA MONTES DE CIERZO, S.L.",GENERACIÓN RECORE
EMCSL,EMOCION SOLAR S.L.,GENERACIÓN
EMELI,ELÉCTRICA DE MELIANA,COMERCIALIZADOR
EMES,EMILIO ESTEBAN S.A,CONSUMIDOR DIRECTO
EMEST,"ELECTRA MESTRAL, S.L.",GENERACIÓN RECORE
EMON,EOLICA DEL MONCAYO,GENERACIÓN RECORE
ENAGA,"ENAGAS, S.A.",GENERACIÓN RECORE
ENARA,"ENARA GESTIÓN Y MEDIACIÓN, SL",COMERCIALIZADOR
ENCAL,ENERGÍAS NATURALES EL NEGREDO,GENERACIÓN RECORE
ENCEG,ENCE ENERGIA Y CELULOSA,REPRESENTANTE
ENCHU,"ENCE ENERGIA HUELVA DOS, S.L.U",GENERACIÓN
ENCIE,"ENCIENDETENERGIA, S.L.",COMERCIALIZADOR
ENCRI,"ENERCRISA, S.A.",GENERACIÓN RECORE
ENDCO,"ENDESA ENERGÍA, S.A.U.",COMERCIALIZADOR
ENDEE,ENERGIAS DE ESCARRILLA SL,COMERCIALIZADOR
ENDEP,ENERGIAS DE PANTICOSA COMERCIALIZADORA SL,COMERCIALIZADOR
ENDG,"ENDESA GENERACIÓN, S.A.",GENERACIÓN
ENDI,ENDI ENERGY TRADING SL,COMERCIALIZADOR
ENDP,"ENDESA ENERGIA, SUCURSAL EN PORTUGAL",COMERCIALIZADOR
ENEAC,ENERGIAS DEL ZINQUETA COMERCIALIZADORA SLU,COMERCIALIZADOR
ENEDB,ENERGIAREA EUROPE SL,COMERCIALIZADOR
ENEDG,ENERGÍA ÚNICA SOLUCIONES INTEGRALES SL,COMERCIALIZADOR
ENEDH,ENERMIA COMERCIALIZADORA ELECTRICA SL,COMERCIALIZADOR
ENEDJ,"ENERGIES RENOVABLES PÚBLIQUES DE CATALUNYA, S.A.U.",COMERCIALIZADOR
ENEDK,ENERGETICA HOTELERA S.L.,COMERCIALIZADOR
ENEEX,ENERGÍA GAS AL-ANDALUS SL,COMERCIALIZADOR
ENEFI,"ENERFIA, S.L.",COMERCIALIZADOR
ENEPL,"ENERGY PLUS IBERIA, S.L.",COMERCIALIZADOR
ENERG,XENERA COMPAÑIA ELECTRICA S.A.,COMERCIALIZADOR
ENERP,"SOLABRIA, S. COOP.",COMERCIALIZADOR
ENERV,"ENERVENT, S.A.",GENERACIÓN RECORE
ENERY,ENERGIA ECOLOGICA ECONOMICA SL,COMERCIALIZADOR
ENEST,ENERGY SOLAR TECH S.A.,CONSUMIDOR DIRECTO
ENETI,"ENERTIA GROUP, S.L.",COMERCIALIZADOR
ENEXS,ENEX SOCIAL ENERGY SL,COMERCIALIZADOR
ENFOR,ENFORCESCO SA,COMERCIALIZADOR
ENGA,"ENERGÍA DE GALICIA, S.A.",GENERACIÓN RECORE
ENGAS,"ENGASA EÓLICA, S.A.",GENERACIÓN RECORE
ENGEL,ENGEL COMERCIALIZADORA SL,COMERCIALIZADOR
ENGIE,"ENGIE COMERCIALIZACAO DE ENERGIA, LDA",COMERCIALIZADOR
ENGNE,"CAPWATT RETAIL ELECTRICIDADE PT, S.A.",COMERCIALIZADOR
ENMAN,"ENERGÍAS DE LA MANCHA, S.A.",GENERACIÓN RECORE
ENMED,COMERCIALIZADORA DE ELECTRICIDAD Y GAS DEL MEDITER,COMERCIALIZADOR
ENNEG,"ENERGÍAS NATURALES LA CALZADA, S.L.",GENERACIÓN RECORE
ENPEN,"ENERPLUS ENERGIA, S.A.",COMERCIALIZADOR
ENPHA,ENTECO PHARMA S.L,CONSUMIDOR DIRECTO
ENRES,"ENERGY RESOURCES, S.A.",GENERACIÓN RECORE
ENRNV,ENERGÍAS RENOVADORAS SL,COMERCIALIZADOR
ENSAV,ENERGYSAVE PROJECTS S.L.,COMERCIALIZADOR
ENTXX,ENTECO EXTREMADURA S.L,CONSUMIDOR DIRECTO
ENUFR,ENERGIA NUFRI SLU,COMERCIALIZADOR
ENVER,ENERVER ENERGIA SL,COMERCIALIZADOR
ENVIT,ENVITERO SOLAR S.L.,GENERACIÓN
EOLPI,"EÓLICA DEL PINO, S.L.",GENERACIÓN RECORE
EOLZO,"EOLICA DE ZORRAQUIN, S.L.",GENERACIÓN RECORE
EONR,"VIESGO RENOVABLES, S.L.",GENERACIÓN RECORE
EONUR,"REGSITI COMERCIALIZADORA REGULADA, S.L.U.",COMERCIALIZADOR ULTIMO RECURSO
EOP20,ENERGIA OPERATIVA S.L.,COMERCIALIZADOR
EOURO,"ENERGÍAS DE OUROL, S.L.",GENERACIÓN RECORE
EO200,EOLICA 2000 S.L.,GENERACIÓN RECORE
EPAC,"EPAC SOLUCIONES ENERGETICAS, S.L.",COMERCIALIZADOR
EPCSA,"ENERGIA PORTATIL COGENERACION, S.A.",GENERACIÓN RECORE
EPERE,EOLICA DEL PERELLO SL,GENERACIÓN RECORE
EPILA,ESTAMPACIONES MÉTALICAS ÉPILA SA,CONSUMIDOR DIRECTO
EPL,EOS PAX IIA,GENERACIÓN RECORE
EPP,"EÓLICAS PÁRAMO DE POZA, S.A.",GENERACIÓN RECORE
EPRSA,"EPRESA ENERGÍA, S.A.",COMERCIALIZADOR
EQNB,ELECTROQUIMICA ONUBENSE S.L.U.,CONSUMIDOR DIRECTO
EQUAN,"EQUANIMITYENERGY TO GO, SLU",COMERCIALIZADOR
ERESM,"DESIMPACTO DE PURINES ERESMA, S.A.",GENERACIÓN RECORE
EROUT,ELECTROROUTE ENERGY TRADING LIMITED,COMERCIALIZADOR
ERRM,"ENERGÍAS RENOVABLES DE LA REGIÓN DE MURCIA, S.A.",GENERACIÓN RECORE
ERUNI,"GREENVOLT COMUNIDADES, SA",COMERCIALIZADOR
ERUYA,"EÓLICA DE LA RUYA, S.L.",GENERACIÓN RECORE
ESALZ,ESTACION DE SERVICIO A.L.Z S.L,CONSUMIDOR DIRECTO
ESAVI,"EÓLICA SIERRA DE ÁVILA, S.L.",GENERACIÓN RECORE
ESBG,"ESBRUG, S.L.",GENERACIÓN RECORE
ESBUS,ESTACIÓN CENTRAL DE AUTOBUSES DE ZARAGOZA S.A.,CONSUMIDOR DIRECTO
ESCEP,PARQUE EOLICO ESCEPAR,GENERACIÓN RECORE
ESCRS,ESCARNES SOLAR SL,GENERACIÓN
ESD,ELECTRO SAN DIEGO,GENERACIÓN RECORE
ESDOM,"COMERCIALIZADORA LUZ RURAL, S.L.",COMERCIALIZADOR
ESERO,"ELÉCTRICA SEROSENSE, S.L.",COMERCIALIZADOR
ESHAN,HANWHA ENERGY RETAIL SPAIN SLU,COMERCIALIZADOR
ESHIN,"EVERSHINING ENERGY, SOCIEDAD LIMITADA",COMERCIALIZADOR
ESIER,ENERGIA SIERREZUELA SL,GENERACIÓN
ESMER,"ESMERALDA SOLAR, S.L",GENERACIÓN
ESPLS,ESPLENDOR SOLAR S.L.,GENERACIÓN
ESSA,ESTACION DE SERVICIO SAN ANTONIO S.L,CONSUMIDOR DIRECTO
ESTEL,"CARNES ESTELLÉS, S.A.",GENERACIÓN RECORE
ESVIR,EXPLOTACIONES EOLICAS SIERRA LA VIRGEN,GENERACIÓN RECORE
ETGOL,"EXTRAGOL, S.L.",GENERACIÓN
ETNER,ETER ENERGIA,COMERCIALIZADOR
ETSOL,ENERGY TRADER SOLUTION SL,COMERCIALIZADOR
EUAT,EUROATOMIZADO S.A.,GENERACIÓN
EUFR,ENEL UNIÓN FENOSA RENOVABLES,GENERACIÓN RECORE
EVE,"EOLICA VALLE DEL EBRO, S.A.",GENERACIÓN RECORE
EVESA,"EXTRACTOS VEGETALES, S.A.",CONSUMIDOR DIRECTO
EVILL,EÓLICA DE VILLANUEVA,GENERACIÓN RECORE
EVIVA,ENERGIA VIVA SPAIN SL.,COMERCIALIZADOR
EVOL2,"EVOLUCIÓN 2000, S.L.",GENERACIÓN RECORE
EWCA,ENERGY WORKS CARTAGENA,GENERACIÓN RECORE
EWIND,ECOWIND ENERGY,GENERACIÓN RECORE
EWVV,ENERGYWORKS VIT-VALL S.L,GENERACIÓN RECORE
EXISC,EXIS COMPONENTS S.L.,CONSUMIDOR DIRECTO
EXPLA,EXPLOTACIONES PORCINAS ARAGONESAS S.L.,CONSUMIDOR DIRECTO
EXPOC,"EXPO CENTER BMC, SL",CONSUMIDOR DIRECTO
EXTRE,"EXTRESOL-1, S.L.",GENERACIÓN RECORE
EYCE1,ENERGIA Y COMER EMPRESARIAL SL,COMERCIALIZADOR
EYP,"ESTABANELL IMPULSA, S.A.",COMERCIALIZADOR
EZEQ,EZEQUIEL CUATRO 2013,CONSUMIDOR DIRECTO
EZKAI,"ENERGIA RIO EZKA-EZKA IBAIA ENERGIA, S.L.",COMERCIALIZADOR
EZURI,"EZU ENERGIA, LDA",COMERCIALIZADOR
FASTL,FASTLIGHT SL,COMERCIALIZADOR
FATAR,"BON VENT DE L'EBRE, S.L.U.",GENERACIÓN RECORE
FBACK,"FEED BACK 10, S.L.",GENERACIÓN
FECII,FLUID ELECTRIC CAMPRODON II SL,COMERCIALIZADOR
FEED,"PASIÓN ENERGÍA, S.L",COMERCIALIZADOR
FEMCV,"FLUIDO ELECTRICO MUSEROS, S.COOP.V.",COMERCIALIZADOR
FEN,FENIE ENERGIA,COMERCIALIZADOR
FENER,FENERGAS ENERGIA SL,COMERCIALIZADOR
FERFE,"FERTINAGRO FERTESA, S.L.U.",CONSUMIDOR DIRECTO
FERIM,FERIMET SL,CONSUMIDOR DIRECTO
FERNU,FERTINAGRO NUTRIGENIA S.L.U.,CONSUMIDOR DIRECTO
FEROR,FERTINAGRO ORGANIA S.L.U.,CONSUMIDOR DIRECTO
FERRO,XALLAS ELECTRICIDAD Y ALEACIONES S.A.,GENERACIÓN RECORE
FERSA,"FOMENTO DE LAS ENERGÍAS RENOVABLES 2001, S.A.",GENERACIÓN RECORE
FERSU,FERTINAGRO SUR S.L.,CONSUMIDOR DIRECTO
FERTB,FERTIBERIA,GENERACIÓN RECORE
FERTM,FERTINAGRO TECNOS MAXIMA S.L.U.,CONSUMIDOR DIRECTO
FGVDO,"FERGO GALICIA VENTO-P.E. MONDOÑEDO, S.L.",GENERACIÓN RECORE
FIGUE,FIGUERES SALUD S.L.,CONSUMIDOR DIRECTO
FINSA,"FINANCIERA MADERERA, S.A.",GENERACIÓN
FISES,FIGUERES DE SERVEIS S.A.,CONSUMIDOR DIRECTO
FLAMA,FLAMAGAS LLINARS SLU,CONSUMIDOR DIRECTO
FLECA,LA FLECA DE L EMPORDA S.A.,CONSUMIDOR DIRECTO
FOMAR,FOMENTO DE MARMOLES SL,CONSUMIDOR DIRECTO
FONTD,FONT CAN SAMADA S.L.,CONSUMIDOR DIRECTO
FORTE,"FORESTA TERRENOS, S.L.",CONSUMIDOR DIRECTO
FORTI,"FORTIA ENERGIA, S.L.",COMERCIALIZADOR
FORTU,"ENSTROGA, S.L.",COMERCIALIZADOR
FORZA,AMI ELECTRUM S.L.,COMERCIALIZADOR
FOX,"FOX ENERGIA, S.A.",COMERCIALIZADOR
FRAGN,FRAGNOR SL,CONSUMIDOR DIRECTO
FRANK,"FRANK ENERGIA IBERIA, S.L",COMERCIALIZADOR
FREGE,ERG SOLAR FREGENAL DE LA SIERRA S.L.,GENERACIÓN
FR_GS,"ENGIE GLOBAL MARKETS, BELGIAN BRANCH",COMERCIALIZADOR
FRIGN,"FRINSA DEL NOROESTE, S.A.",GENERACIÓN RECORE
FRISO,FRISORIA S.A,CONSUMIDOR DIRECTO
FUSEE,FUSE ENERGY IBERICA SL,COMERCIALIZADOR
FUTGR,CAPWATT COMERCIAL S.L.U.,REPRESENTANTE
GABAC,GABA COMERCIALIZADORA DE ELECTRICIDAD S.L.U.,COMERCIALIZADOR
GAC,GEOATLANTER,COMERCIALIZADOR
GALAP,GALAPAGO ENERGIA SL,COMERCIALIZADOR
GALA1,"IBERELECTRICA COMERCIALIZADORA, SL",COMERCIALIZADOR
GALLU,MINICENTRALES DEL CANAL IMPERIAL-GALLUR,GENERACIÓN RECORE
GALP,"GALP ENERGÍA ESPAÑA, S.A.U.",COMERCIALIZADOR
GALPW,PETROGAL SA,COMERCIALIZADOR
GAM,COMUNIDAD MOLINO VIEJO DE BOSSOST,GENERACIÓN
GAMB,GAMBASTAR S.L,CONSUMIDOR DIRECTO
GAMBI,GAMBITOENERGY S.L.,COMERCIALIZADOR
GAOLA,GAOLANIA SERVICIOS S.L,COMERCIALIZADOR
GARIN,MANUEL ANGEL GARIN LINARES,CONSUMIDOR DIRECTO
GARNA,GARNACHA SOLAR S.L.,GENERACIÓN
GAROF,"GAROFEICA, S.A.",GENERACIÓN
GAVE,GALICIA VENTO,GENERACIÓN RECORE
GAVIP,"GAVIPLAS, S.L.",CONSUMIDOR DIRECTO
GBENE,GLOBAL BIOSFERA PROTEC S.L,COMERCIALIZADOR
GDIVE,"GASELEC DIVERSIFICACIÓN, S.L.",COMERCIALIZADOR
GEAM,"GEOLICA MAGALLON, S.L.",GENERACIÓN RECORE
GEDES,GESTIÓN Y DESARROLLO DEL MEDIO AMBIENTE DE MADRID,GENERACIÓN RECORE
GEMSL,"GESTION DE ENERGÍA Y MERCADOS, S.L.",REPRESENTANTE
GENEB,"GENERAL QUÍMICA, S.A.U.",CONSUMIDOR DIRECTO
GENEM,GENERACIÓN CARTEIA SL,GENERACIÓN
GENOR,"GREEN ENERGY NOROESTE, S.L.",GENERACIÓN RECORE
GEOAL,"GEO ALTERNATIVA, SL",COMERCIALIZADOR
GEOLU,GEO LUZ Y GAS SL,COMERCIALIZADOR
GEOTE,"GEOTEXAN, S.A.",CONSUMIDOR DIRECTO
GEPES,GENERACIÓN ELÉCTRICA PENINSULAR,GENERACIÓN RECORE
GEQ,COGENERACIÓN GEQUISA,GENERACIÓN RECORE
GERE,GENERACION DE ENERGÍA RENOVABLE,GENERACIÓN RECORE
GESL,"GERENCIA ENERGETICA,SL",COMERCIALIZADOR
GESN,GESTERNOVA SERVICOS DE ENERGIA UNIPESOAL LDA,REPRESENTANTE
GESOL,"GEMASOLAR 2006, S.A.",GENERACIÓN RECORE
GEST,GESTIONNA SOLUCIONES ENERGETICAS S.L.,COMERCIALIZADOR
GESTE,"GESTERNOVA, S.A.",COMERCIALIZADOR
GESTI,"GESTINER INGENIEROS, S.L.",REPRESENTANTE
GESTK,"GESTENIA ENERGÍA, S.L",GENERACIÓN
GESTO,"GESTO COMERCIALIZACAO DE ENERGIA, UNIPESSOAL LDA",COMERCIALIZADOR
GESTQ,GESTION INTEGRAL COMUNIDADES ENERGETICAS EUROPA,COMERCIALIZADOR
GGLOB,PLENA ENERGÍA RENOVABLE SL,REPRESENTANTE
GIES,HIDROELECTRICA DEL GIESTA,GENERACIÓN RECORE
GME,GARCIA-MUNTE ENERGIA SL,COMERCIALIZADOR
GMENO,"GESTIÓN Y MANTENIMIENTO EÓLICO DEL NORTE, S.L.",GENERACIÓN RECORE
GMT,GAZPROM MARKETING AND TRADING LTD,COMERCIALIZADOR
GNCC,"NATURGY CICLOS COMBINADOS, S.L",GENERACIÓN
GNCE,NATURGY RENOVABLES S.L.U.,COMERCIALIZADOR
GNCO,GAS NATURAL COMERCIALIZADORA,COMERCIALIZADOR
GNFG,NATURGY GENERACIÓN S.L.U.,GENERACIÓN
GNRA,GNERA ENERGIA Y TECNOLOGIA,REPRESENTANTE
GNSE,NATURGY IBERIA S.A. ,COMERCIALIZADOR
GNSUR,"COMERCIALIZADORA REGULADA GAS  POWER, S.A",COMERCIALIZADOR ULTIMO RECURSO
GOENC,"GODAY ENERGIA, S.L.",COMERCIALIZADOR
GOIEN,GOIENER S.COOP,COMERCIALIZADOR
GOLDE,"GOLDENERGY COMERCIALIZADORA ENERGIA, S.A.",COMERCIALIZADOR
GOMER,SISTEMAS ENERGÉTICOS GOMERA,GENERACIÓN RECORE
GRAFV,GRAFICAS VARIAS S.A.,CONSUMIDOR DIRECTO
GREAL,"GREEN ENERGY 360, S.L.",COMERCIALIZADOR
GRECA,"GESTIO DE RESIDUS ESPECIALS DE CATALUNYA, S.A.",GENERACIÓN RECORE
GREEN,GREENS POWER PRODUCTS,GENERACIÓN RECORE
GRENV,GREEN VENTURE TRADING LDA,COMERCIALIZADOR
GRMED,GREENMED S.L.,CONSUMIDOR DIRECTO
GRNSR,"GREENSUNRISE ENERGY, S.L.",COMERCIALIZADOR
GRTEN,GERENTA ENERGIA SLU,COMERCIALIZADOR
GSETT,"AVANZALIA ENERGÍA COMERCIALIZADORA, S.A.",REPRESENTANTE
GSLZE,"GASILUZ ECO ENERCÍA, S.L.",COMERCIALIZADOR
GSPV1,ERG SOLAR TABERNAS S.L.,GENERACIÓN
GSPV3,ERG SOLAR ALMANSA S.L.,GENERACIÓN
GSTEE,"GLOBAL SPECIAL STEEL PRODUCTS, S.A.",CONSUMIDOR DIRECTO
GUADI,"EOLICA DEL GUADIANA, S.L.",GENERACIÓN RECORE
GUAID,"GUASCOR POWER INVESTIGACIÓN Y DESARROLLO, S.A.",GENERACIÓN RECORE
GUIS,"CORPORACIÓN ALIMENTARIA GUISSONA, S.A.",GENERACIÓN RECORE
GUNVR,GUNVOR INTERNATIONAL BV AMSTERDAM GENEVA BRANCH,COMERCIALIZADOR
GURBT,"GURBTEC ENERGIA, SL",COMERCIALIZADOR
GWHCO,"GWH COMERCIALIZADORA ELÉCTRICA, S.L.",COMERCIALIZADOR
G3T,G3T,GENERACIÓN RECORE
G9TEL,"G9, SA",COMERCIALIZADOR
HAFES,"HAFESA MOBILITY ELC, S.L.",COMERCIALIZADOR
HALLE,"HALLEY ENERGY, SOCIEDAD LIMITADA",COMERCIALIZADOR
HAMPO,"HAM POWER, S.L.",COMERCIALIZADOR
HAPO,HARINAS POLO S.A,CONSUMIDOR DIRECTO
HARXX,HARINERA ARANDINA S.A,CONSUMIDOR DIRECTO
HC G,"EDP ESPAÑA, S.A.U.",GENERACIÓN
HCCUR,BASER COMERCIALIZADORA DE REFERENCIA SA,COMERCIALIZADOR ULTIMO RECURSO
HCENE,TOTALENERGIES MERCADO ESPAÑA S.A.,COMERCIALIZADOR
HDATA,"HIDRODATA, S.A.",GENERACIÓN RECORE
HDE,HIDRO NITRO ESPAÑOLA,GENERACIÓN RECORE
HECEN,"HIDROELÉCTRICA EL CARMEN ENERGÍA, S.L.",COMERCIALIZADOR
HELEC,HELIOELEC ENERGIA ELECTRICA Y GAS SOCIEDAD LIMITAD,COMERCIALIZADOR
HELEI,HELIOS ENERGÍA INTELIGENTE SL,COMERCIALIZADOR
HELIC,"HELIA, COOP. V.",COMERCIALIZADOR
HELIO,"PLANTA SOLAR HELIOS I, S.L.",REPRESENTANTE
HERAB,"HERACLES SOLAR, S.L",GENERACIÓN
HIDFR,"HIDROELÉCTRICA DE FRAGOSO, S.L.",GENERACIÓN RECORE
HIDGA,"HIDROMEDIA DE GALICIA, S.L.",GENERACIÓN RECORE
HIDRO,HIDROSCA,GENERACIÓN RECORE
HIDSE,"HIDROBESORA SERVICIOS, S.L.U.",COMERCIALIZADOR
HIGUE,SISTEMAS ENERGETICOS LA HIGUERA,GENERACIÓN RECORE
HIJOS,HIJOS DE ALFONSO GARRIDO DELGADO S.A,CONSUMIDOR DIRECTO
HILAD,S.A. HILADOS EGARFIL,CONSUMIDOR DIRECTO
HILLT,"HILLTECH DIGITAL, S.L.",COMERCIALIZADOR
HIMED,"HIDROMEDIA, S.A.",GENERACIÓN RECORE
HINOJ,"PARQUE EÓLICO HINOJAL, S.L.",GENERACIÓN RECORE
HIPIN,"HIDROELÉCTRICA DE PINA, S.L.",GENERACIÓN RECORE
HISPE,"ALPIQ ENERGÍA ESPAÑA, S.A.U.",COMERCIALIZADOR
HONZA,"HIDROELECTRICA DE LA ONZA, S.L.",GENERACIÓN RECORE
HORCA,HORMIGONES CALETA S.A.,CONSUMIDOR DIRECTO
HORE,HORECA ENERGÍA S.L.,COMERCIALIZADOR
HOYEN,"HOY ENERGIA, S.L.",COMERCIALIZADOR
HSATE,HSAT21 ENERGIA S.L.,COMERCIALIZADOR
HSCOM,"HIDROELECTRICA DE SILLEDA COMERCIALIZADORA, S.L.",COMERCIALIZADOR
HSERD,"HIDROELECTRICA DEL SERRADO, S.L.",GENERACIÓN RECORE
HUNOS,"HULLERAS DEL NORTE, S.A.",GENERACIÓN RECORE
HYDRO,HYDROEXERGY S.L.U.,COMERCIALIZADOR
IBAND,IBERDROLA RENOVABLES ANDALUCIA S.A.,GENERACIÓN RECORE
IBAR,"IB. ENERGÍAS RENOVABLES DE ARAGÓN, S.A.",GENERACIÓN RECORE
IBARE,IBAR ENERGIA S.L.,COMERCIALIZADOR
IBCLI,IBERDROLA CLIENTES S.A.,COMERCIALIZADOR
IBCUR,"CURENERGÍA COMERCIALIZADOR DE ÚLTIMO RECURSO, SAU",COMERCIALIZADOR ULTIMO RECURSO
IBEAE,IBERIA APROVECHAMIENTOS EÓLICOS,GENERACIÓN RECORE
IBEG,IBERDROLA GENERACIÓN,GENERACIÓN
IBELE,"IBELECTRA MERCADOS, LDA",COMERCIALIZADOR
IBELU,IBEREÓLICA LUBIÁN,GENERACIÓN RECORE
IBERB,"IBERICA IMPULSA, S.L",COMERCIALIZADOR
IBERD,"IBERDESA COMERCIALIZADORA, S.L",COMERCIALIZADOR
IBFRU,IBERFRUTA,GENERACIÓN
IBGES,IBERDROLA ENERGÍA ESPAÑA S..A.,COMERCIALIZADOR
IBGT,IBERDROLA GENERACIÓN TERMICA SL,GENERACIÓN
IBHC,IBEREÓLICA HEDROSO-ACIBEROS,GENERACIÓN RECORE
IBPA,IBEREÓLICA PADORNELO,GENERACIÓN RECORE
IBSEN,"IBERDROLA SERVICIOS ENERGETICOS, S.A.U.",COMERCIALIZADOR
IBSUS,"IBÉRICA DE SUSPENSIONES, S.L.",CONSUMIDOR DIRECTO
ICAM,"IB. ENERGÍAS RENOVABLES CASTILLA LA MANCHA, S.A.",GENERACIÓN RECORE
ICASA,"INMOBILIARIA DE CONSTRUCCIONES Y ARRIENDOS, S.A.",COMERCIALIZADOR
ICGAS,"INGENIERIA Y COMER. DEL GAS, S.A.",COMERCIALIZADOR
IDAE,INSTITUTO PARA LA DIVERSIFICACIÓN Y AHORRO DE LA ENERGIA (IDAE),GENERACIÓN RECORE
IDENG,ID ENGENHARIA LDA,COMERCIALIZADOR
IDESE,"IDES ENERGÍA, S.L.",COMERCIALIZADOR
IEAL,INICIATIVAS EÓLICAS DE ALPERA,GENERACIÓN RECORE
IENOV,INICIATIVA E.NOVA,COMERCIALIZADOR
IGAL,IB. ENERGÍAS RENOVABLES DE GALICIA,GENERACIÓN RECORE
IGES,"IBERDROLA CLIENTES PORTUGAL, UNIPESSOAL, LDA",COMERCIALIZADOR
IGNIS,IGNIS ENERGIA S.L.,COMERCIALIZADOR
IGNS1,IGNIS SOLAR UNO SL,GENERACIÓN
IGNU,"IBERDROLA GENERACION NUCLEAR, S.A.U.",GENERACIÓN
IHEA2,"IBEREÓLICA HEDROSO-ACIBEROS 2, S.L.",GENERACIÓN RECORE
IMPER,IMPERIUM LUMEN S.A.,COMERCIALIZADOR
IM3,IM3 ENERGIA SL,COMERCIALIZADOR
INARG,INARGY SPOT SLU,COMERCIALIZADOR
INATL,"INATLANTI, LDA",REPRESENTANTE
INCAS,"INICIATIVAS EÓLICAS CASTELLANAS, S.A.",GENERACIÓN RECORE
INCOG,INCOGEN,GENERACIÓN
INCU,INDUSTRIAS DEL CURTIDO,GENERACIÓN
INDA,"INDALO ENERGÍA, S.L.",COMERCIALIZADOR
INDAR,"INDAREL KUDEAKETA, SLU",COMERCIALIZADOR
INDEX,INDEXO ENERGIA SL,COMERCIALIZADOR
INDU,"INDULERIDA, S.A.",GENERACIÓN
INERM,INER MADRID SL,COMERCIALIZADOR
INER1,INER ENERGIA CASTILLA LA MANCHA SL,COMERCIALIZADOR
INESR,INES ROSALES SA,CONSUMIDOR DIRECTO
INGAR,"INGAROIL, S.L. ",GENERACIÓN RECORE
INGEM,INGEM ENERGIA SL,COMERCIALIZADOR
INICB,"INICIATIVAS ENERGETICAS AXTRA ENERGY, S.L.",COMERCIALIZADOR
INIHI,"INICIATIVAS HIDROELÉCTRICAS, S.A.",GENERACIÓN RECORE
INMAL,"IESA INTERMALTA ENERGÍA, S.A.",GENERACIÓN RECORE
INPE,"INDUSTRIAS PELETERAS, S.A.",GENERACIÓN
INQBA,INDUSTRIAS QUIMICAS DE BADAJOZ S.A.,CONSUMIDOR DIRECTO
INSOL,ENERGY INTERSOL 15 SL,COMERCIALIZADOR
INTEA,INTERENERGIA ENERGY TRADING COMPANY S.L.,COMERCIALIZADOR
INTEG,INTEGRACIÓN EUROPEA DE ENERGIA SAU,COMERCIALIZADOR
INTRA,DUFERCO IBERIA SL,REPRESENTANTE
INUSK,"INER EUSKADI, S.L.",COMERCIALIZADOR
IPRO,"IBERENOVA PROMOCIONES, S.A.",GENERACIÓN RECORE
IRINE,"IRINEO INERGIA, S.L.",GENERACIÓN
IRIS,"IRIS ENERGIA EFICIENTE, SA",COMERCIALIZADOR
IRIXO,"IRIXO EOLICO, S.A.",GENERACIÓN RECORE
ISAEC,"ISAE COMERCIALIZACIÓN, SOCIEDAD LIMITADA",COMERCIALIZADOR
ISEO,ISEO ENERGÍA,CONSUMIDOR DIRECTO
ISMSL,INGEBAU SOLUCIONES DE MEDIDA SL,COMERCIALIZADOR
ISYDE,"FIBERLUZ COMERCIALIZADORA, S.L.",COMERCIALIZADOR
ITACP,IMPORTACO CASA PONS S.A.,CONSUMIDOR DIRECTO
ITASA,IMPORTACO S.A.,CONSUMIDOR DIRECTO
ITURB,ITURBEGI S.L.,REPRESENTANTE
JADE,"JADE SOSTENIBLE, S.L.U.",GENERACIÓN
JAFP,JAF PLUS LDA,COMERCIALIZADOR
JALON,"MOLINOS DEL JALON, S.A.",GENERACIÓN RECORE
JANDA,"EOLICA LA JANDA, SL",GENERACIÓN RECORE
JARON,J. ARON & COMPANY,COMERCIALIZADOR
JAUFI,"P.E. JAUFIL, S.L.",GENERACIÓN RECORE
JAVEL,JAVEL OIL CORPORATION S.L,CONSUMIDOR DIRECTO
JDIAZ,JOSÉ FERNANDO DÍAZ CORDOVÉS UDAETA,GENERACIÓN
JEALS,"EÓLICA DE GRAIADE, S.L.",GENERACIÓN RECORE
JMFEN,"JMF ENERGÍAS RENOVABLES, S.L.",COMERCIALIZADOR
JOIN,ENERJOIN S.L.,REPRESENTANTE
JOVE,JOVE ENERGÍA RENOVABLE SL,COMERCIALIZADOR
JUANX,"JUAN ENERGY, SLU",COMERCIALIZADOR
JUSEP,JUST ENERGY PRO LUZ SL,COMERCIALIZADOR
KAEN,"KANUI ENERGIA, S.L.",GENERACIÓN RECORE
KARMA,ISOEN ENERGY SOLUTIONS SL,COMERCIALIZADOR
KERAB,"KERABÉN, S.A.",GENERACIÓN
KILVE,KILOWATIOS VERDES S.L.,COMERCIALIZADOR
KINE,KINESTALIA ENERGIA SOCIEDAD LIMITADA,COMERCIALIZADOR
KIRIN,"KIRIN RENOVABLES, SOCIEDAD LIMITADA",COMERCIALIZADOR
KODLC,KODL CAPITAL S.L.,COMERCIALIZADOR
KONRY,"KONERY EFICIENCIA ENERGÉTICA, S.L.",REPRESENTANTE
KREAN,EKILUZ ENERGIA COMERCIALIZADORA SL,COMERCIALIZADOR
KVASI,KVASIR TECHNOLOGIES LIMITED,COMERCIALIZADOR
KWFVI,"LIBERA ENERGIAS RENOVABLES, S.L.",COMERCIALIZADOR
LABOA,LABOR SOLIS COMERCIALIZADORA DE ENERGÍA S.L,COMERCIALIZADOR
LABOI,LABOIL ENERGIA SL,COMERCIALIZADOR
LACOR,LA CORRIENTE S.COOP,COMERCIALIZADOR
LACTX,LACTICS MAS NEGRE S.L,CONSUMIDOR DIRECTO
LADYW,LADY WARSAW INVESTMENT SL,COMERCIALIZADOR
LAESP,PARQUE EÓLICO LA ESPERANZA,GENERACIÓN RECORE
LALOM,ENERGIA DE LA LOMA,GENERACIÓN RECORE
LALUZ,PIZARRAS LA LUZ SL,CONSUMIDOR DIRECTO
LAMPY,"LAMPYRIS ENERGIA, S.L.",COMERCIALIZADOR
LAND,LANDS AND BUILDING S.L,CONSUMIDOR DIRECTO
LASIA,LASIAN TECNOLOGIA DEL CALOR SL,CONSUMIDOR DIRECTO
LAUEI,"LA UNIÓN ELECTRO INDUSTRIAL, S.L.U.",COMERCIALIZADOR
LAVAL,LA VALL COMERCIALIZADORA ELECTRICA SL,COMERCIALIZADOR
LBOGA,PARQUE EÓLICO LA BOGA,GENERACIÓN RECORE
LCAS,"LDV CASARES, S.L.",GENERACIÓN RECORE
LCOST,"ALUMBRA CORPORACION, S.L.",COMERCIALIZADOR
LDGIA,EVERGREEN ELECTRICA SLU,COMERCIALIZADOR
LDVCO,LDV CORTIJO DE GUERRA,GENERACIÓN RECORE
LECRI,"PARQUE EOLICO LECRIN, S.L.",GENERACIÓN RECORE
LEDCE,LOOP ELECTRICIDAD Y GAS S.L.,COMERCIALIZADOR
LEONC,LEON COMERCIALIZADORA DE ENERGIA S.L.,COMERCIALIZADOR
LER,"COMERCIALIZADORA LERSA, S.L.",COMERCIALIZADOR
LEZUZ,"ELECDEY LEZUZA, S.A.",GENERACIÓN RECORE
LIDER,"GREENING SMART ENERGY,  SL",COMERCIALIZADOR
LINAM,LINAMAR LIGHT METALS ZARAGOZA,CONSUMIDOR DIRECTO
LINAS,"LINASA COGENERACIÓN Y ASOCIADOS, S.L.",GENERACIÓN
LINER,"SISTEMAS ENERGÉTICOS LA LINERA, S.A.",GENERACIÓN RECORE
LINKE,LINK ENERGIA,COMERCIALIZADOR
LINNE,LINNEO HEALTH SL,CONSUMIDOR DIRECTO
LIUP,"ALTERNA OPERADOR INTEGRAL, S.L.",COMERCIALIZADOR
LLERP,"ILERPROTEIN, S.L.",GENERACIÓN RECORE
LLIER,CALES LLIERCA S.A.,CONSUMIDOR DIRECTO
LMER,"LONJAS TECNOLOGÍA, S.A.",REPRESENTANTE
LOBO,ALMENDRA Y MIEL S.A,CONSUMIDOR DIRECTO
LOCAL,"LOCALUZ ENERGIA, S.L.",COMERCIALIZADOR
LODOS,"EÓLICA LODOSA, S.L.",GENERACIÓN RECORE
LOGIC,"LOGICA ENERGY, LDA",COMERCIALIZADOR
LOGIF,"LOGIFRUIT, S.L.",CONSUMIDOR DIRECTO
LOMA,"SOLWINDET LAS LOMAS, S.L.",GENERACIÓN RECORE
LOMLE,"P.E. LOMAS DE LECRIN, S.L.",GENERACIÓN RECORE
LOVEE,LOVE ENERGY S.L.,COMERCIALIZADOR
LOVIL,"LOVILUZ ENERGIA, S.L",COMERCIALIZADOR
LSINC,"LUZ SOLIDARIA INCLUSIVA, S.L.",COMERCIALIZADOR
LUBAL,ENERGIA NORDICA GAS Y ELECTRICIDAD S.L.U.,COMERCIALIZADOR
LUCIA,"WIKU ENERGIA, S.L.",COMERCIALIZADOR
LUCIE,"SOMNI ENERGIA GLOBAL, S.L.",COMERCIALIZADOR
LUCIF,"LUCIFERASA-1 ENERGIA, S.L.",COMERCIALIZADOR
LUCK,LUCKY LUZ ENERGIA SL,COMERCIALIZADOR
LUMEN,LUMENAZA,COMERCIALIZADOR
LUMIE,"COMPAÑIA LUMISA ENERGIAS, SL",COMERCIALIZADOR
LUM1,HIDROELÉCTRICA LUMYMEY,COMERCIALIZADOR
LUNAG,LUNAGUA SL,CONSUMIDOR DIRECTO
LURIA,"LURIA DE ENERGÍAS, S.A.",GENERACIÓN RECORE
LUSIA,LUSIADAENERGIA S.A,COMERCIALIZADOR
LUX,LUX FORUM SLU,COMERCIALIZADOR
LUXIA,"LUXIA ENERGIA Y CONSULTORES, S.L.",COMERCIALIZADOR
LUZBO,LUZBOA-COMERCIALIZADOR,COMERCIALIZADOR
LUZDA,LUZ DEL PUEBLO SL,COMERCIALIZADOR
LUZSO,"LUZ SOLIDARIA, S.L.",COMERCIALIZADOR
LUZYE,LUZY ENERGIA RENOVABLE SLU,COMERCIALIZADOR
LUZYG,LUZYGAS IBERIA SL,COMERCIALIZADOR
MACEB,"MANIPULADOS DE CEBOLLAS Y DERIVADOS, S.L.",CONSUMIDOR DIRECTO
MADRI,"PARQUE EÓLICO MADRIDEJOS, S.L.",GENERACIÓN RECORE
MAGMA,MAGMA TRATAMIENTOS SLU,CONSUMIDOR DIRECTO
MAJAD,"TERMOSOLAR MAJADAS, S.L.",GENERACIÓN RECORE
MALAK,MALAKA ENERGIA 2022 SL,COMERCIALIZADOR
MALVO,MALVON FACTORY S.L.,CONSUMIDOR DIRECTO
MANUE,MANUEL GALLEGO MUDARRA,GENERACIÓN
MAREC,"MED. AMB. AGUA RESID. Y EENRGIA DE CANTABRIA, SA",GENERACIÓN RECORE
MAREN,MARE NOSTRUM OIL MANAGEMENT S.L SOCIEDAD UNIPERSON,CONSUMIDOR DIRECTO
MARME,PARQUE EOLICO MARMELLAR,GENERACIÓN RECORE
MARTB,MULTIENERGÍAS MLC SL,COMERCIALIZADOR
MASAL,"MAS ALLÁ PRODUCTOS ENERGÉTICOS, S.L.",COMERCIALIZADOR
MASIN,INTELIGENCIA PARA EL AHORRO ENERGETICO S.L.,REPRESENTANTE
MASNA,MASNORTE GLOBAL POWER S.L,COMERCIALIZADOR
MASOL,"MANCHASOL-1,CENTRAL TERMOSOLAR UNO S.L.",GENERACIÓN RECORE
MASQL,"MASQLUZ 2020, S.L",COMERCIALIZADOR
MATA,PIZARRAS MATACOUTA S.A,CONSUMIDOR DIRECTO
MATIL,"MATILDE SOLAR, S.L.",GENERACIÓN
MAVEL,ESTACION DE SERVICIO MAVEL S.L,CONSUMIDOR DIRECTO
MAZEE,MAZE ENERGY SLU,COMERCIALIZADOR
MAZ11,MAZ M.C.S.S. N11,CONSUMIDOR DIRECTO
MBPE,"MB PAPELES ESPECIALES, S.A.",GENERACIÓN RECORE
MCCAL,MATERIALES DE CONSTRUCCIÓN CALETA S.L.,CONSUMIDOR DIRECTO
MCM,"MIQUEL Y COSTAS & MIQUEL, S.A.",GENERACIÓN RECORE
MDAUG,"PARQUE EÓLICO MONTE DAS AUGAS, S.L.",GENERACIÓN RECORE
MEBRO,MOLINOS DEL EBRO,GENERACIÓN RECORE
MEDI,ENERGIAS RENOVABLES MEDITERRANEAS,GENERACIÓN RECORE
MEDIM,MEDIOMONTE SOLAR SL,GENERACIÓN
MEDIN,"EOLICA DE MEDINACELI, S.L.",GENERACIÓN
MEG,MEGARA ENERGIA S. COOP,COMERCIALIZADOR
MELUL,HISPANO TEX S.A.U.,CONSUMIDOR DIRECTO
MENER,"XENERA COMPAÑÍA ELÉCTRICA,S.A.U.",COMERCIALIZADOR
MERCA,"HIDROELECTRICA DE LA MERCA, S.L.",GENERACIÓN RECORE
MERCU,MERCURIA ENERGY TRADING SA,COMERCIALIZADOR
MEROL,MEROLTEX SL,CONSUMIDOR DIRECTO
METEN,"MET ENERGIA ESPANA, S.A.",COMERCIALIZADOR
MFRSA,MAFRESA EL IBERICO DE CONFIANZA SL,CONSUMIDOR DIRECTO
MIAJA,"BIOMASA MIAJADAS, S.L.",GENERACIÓN RECORE
MINAI,EKHI ENERGY MANAGEMENT S.L.,COMERCIALIZADOR
MINAL,"MINAS DE ALCANTARA, S.L.",CONSUMIDOR DIRECTO
MOCAT,MOCATERO SOLAR S.L.,GENERACIÓN
MODI,MODISPREM S.A,CONSUMIDOR DIRECTO
MOEN,MOLTÓ ENERGÍA,GENERACIÓN
MOIA,ESCORXADOR COMARCAL DEL MOIANES S.A.,CONSUMIDOR DIRECTO
MOLAL,MOLALUZ ENERGIA SL,COMERCIALIZADOR
MOLE,MOLECOR TECNOLOGIA S.L,CONSUMIDOR DIRECTO
MOLEC,MOLECOR CANALIZACIONES S.L,CONSUMIDOR DIRECTO
MOMIC,MOMICAL HOSTELERA S.L,CONSUMIDOR DIRECTO
MONCA,"MOLINOS DEL MONCAYO, S.L.",GENERACIÓN
MONEG,"MONEGROS SOLAR, S.A.",GENERACIÓN
MONGE,FRUTAS MONGE S.L.,CONSUMIDOR DIRECTO
MONRE,RESIDENCIA TORRE DE MONREAL SL,CONSUMIDOR DIRECTO
MONTA,EÓLICA DEL MONTALT,GENERACIÓN RECORE
MONTE,"EOLICA MONTESINOS, S.L.",GENERACIÓN RECORE
MONTO,"MONTOUTO 2000, S.A.",GENERACIÓN RECORE
MONTR,MONTARTO TECHNOLOGY SL,COMERCIALIZADOR
MORAL,PARQUE EOLICO  EL MORAL,GENERACIÓN RECORE
MORED,MOREDA-RIVIERE TREFILERIAS SA,CONSUMIDOR DIRECTO
MORRA,EOLICOS DO MORRAZO,GENERACIÓN RECORE
MORTE,MORTERO SOLAR SPAIN SL,COMERCIALIZADOR
MOVA,MOSTOS VINOS Y ALCOHOLES,GENERACIÓN RECORE
MOVHE,MOVHERA - HIDROELÉTRICAS DO NORTE SA,GENERACIÓN
MOVIE,MOVIER ENERGIA SOSTENIBLE S.L.,COMERCIALIZADOR
MSDTE,MSD TECNOMETAL S.L.,CONSUMIDOR DIRECTO
MSM,MINERA SANTA MARTA,GENERACIÓN
MSVSL,"MUNICIPAL DE SERVICIOS VILLAHERMOSANA, S.L.",COMERCIALIZADOR
MTORR,"M. TORRES DESARROLLOS ENERGÉTICOS, S.L.",GENERACIÓN RECORE
MUEST,MUESTRARIOS IBERIA SL,CONSUMIDOR DIRECTO
MULTA,"MULTISEVICIOS TECNOLOGICOS, S.A.",COMERCIALIZADOR
MULTI,MULTIENERGIA VERDE SL,COMERCIALIZADOR
MUNTA,MUNTANYETA COOP. V.,CONSUMIDOR DIRECTO
MUON,"MUON ELECTRIC, LDA.",COMERCIALIZADOR
MYEN,MY ENERGIA ONER S.L.,COMERCIALIZADOR
MYENX,SIRAX ENERGY SL,COMERCIALIZADOR
MYLIG,MY LIGHT ENERGY SP SAU,COMERCIALIZADOR
MYTA,S.A. DE MINERIA Y TECNOLOGIA DE ARCILLAS,GENERACIÓN
NABAL,NABALIA ENERGIA 2000 S.A.,COMERCIALIZADOR
NACIM,SISTEMAS ENERGÉTICOS NACIMIENTO S.A.,GENERACIÓN RECORE
NAGIN,RECICLAJES ECOLÓGICOS NAGINI S.L.,COMERCIALIZADOR
NANSA,"SALTOS DEL NANSA I, S.A.",GENERACIÓN RECORE
NARAJ,LAS NARANJILLAS ENERGÍA S.L.,GENERACIÓN
NATGA,TOTALENERGIES CLIENTES S.A.,COMERCIALIZADOR
NATRH,"HIDRO ENERGÍA XANA, S.L.",GENERACIÓN RECORE
NAVAR,"PETRO NAVARRA, S.L.",COMERCIALIZADOR
NAVG,"ALTANO HIDRO, S.A.U",COMERCIALIZADOR
NAVIC,"EOLICA LA NAVICA, S.L.U.",GENERACIÓN RECORE
NCE,"NUEVA COMERCIALIZADORA ESPAÑOLA, S.L.",COMERCIALIZADOR
NEAS,CENTRICA ENERGY TRADING AS,COMERCIALIZADOR
NEMON,"NEMON INTELLIGENCE IN BUSINESS, SL",COMERCIALIZADOR
NEOEN,NEOELECTRA ENERGIA SLU,COMERCIALIZADOR
NEREA,"PARQUE EOLICO NEREA, S.L.",GENERACIÓN RECORE
NERVI,LIMPIEZAS NERVIÓN SA,CONSUMIDOR DIRECTO
NETON,"NETON ENERGY SERVICES, S.L.U.",COMERCIALIZADOR
NETRA,NOVA ENERGIA TRADING SL,COMERCIALIZADOR
NEURO,"NEURO ENERGIA Y GESTION, SL",REPRESENTANTE
NEWTI,NEW TILES S.L.,CONSUMIDOR DIRECTO
NEXAM,NEXT ENERGIA XXI SL,COMERCIALIZADOR
NEXAP,"NEXT ENERGY PLUS, S.L.",COMERCIALIZADOR
NEXOR,"NEXORA ENERGIA, S.L.",COMERCIALIZADOR
NEXU,NEXUS ENERGÍA (ACT. COMERCIALIZACIÓN RE),COMERCIALIZADOR
NFRG,NOVAFRIGSA SA,CONSUMIDOR DIRECTO
NIDHO,NIDHOG APS,COMERCIALIZADOR
NIVA,SULAYR SORTING SL,CONSUMIDOR DIRECTO
NOBE,NOBE SOLUCIONES Y ENERGIA S.L,COMERCIALIZADOR
NOBLE,NOBLE CLEAN FUELS LIMITED,COMERCIALIZADOR
NOCTI,"NOCTILUCA ENERGIA, S.L.",COMERCIALIZADOR
NOEL,"COGENERACION BEGUDA, S.A.U.",GENERACIÓN RECORE
NOMO,"NORVENTO MONTOUTO, S.L.",GENERACIÓN RECORE
NORDW,NORDWESTEN ENERGIE SL,COMERCIALIZADOR
NORE,NORELECTRICA ENERGIA S.L.,COMERCIALIZADOR
NORMA,NORMA DOORS TECHNOLOGIES SA,CONSUMIDOR DIRECTO
NORT,"ELECTRA NORTE ENERGÍA, S.A.U.",COMERCIALIZADOR
NOSA,NOSA ENERXIA SOCIEDADE COOP GALEGA,COMERCIALIZADOR
NOVAE,"NOSSA ENERGIA, COMÉRICIO DE ENERGIA LDA",COMERCIALIZADOR
NPCE,EUROATOMIZADO S.A.,GENERACIÓN RECORE
NRENO,"NEXUS RENOVABLES, S.L.",COMERCIALIZADOR
NRPG,"NUEVOS RIEGOS EL PROGRESO, S.A.",GENERACIÓN RECORE
NTECA,"P.E. LOMAS DE MANTECA, S.L.",GENERACIÓN RECORE
NUFRI,S.A.T. 1.596 (NUFRI),GENERACIÓN RECORE
NUKIK,NUKIK ENERGY SL,COMERCIALIZADOR
NVLZE,"NOVALUZ ENERGÍA, S.L.",COMERCIALIZADOR
NYCLI,"NATURGY CLIENTES, S.A.",COMERCIALIZADOR
OCISP,OCISPORT CONSULTING SL,CONSUMIDOR DIRECTO
ODARA,"ODARA RENOVABLES, S.L.",COMERCIALIZADOR
ODELL,ODELL ENERGY S.L,COMERCIALIZADOR
ODF,ENERGIA LIBRE COMERCIALIZADORA SL,COMERCIALIZADOR
OENEO,"OENEO ENERGY,LDA",COMERCIALIZADOR
OESTE,"RONDA OESTE ENERGÍA, S.L.",COMERCIALIZADOR
OHMEY,"NATURA ENERGIA RENOVABLE EYG, S.L.",COMERCIALIZADOR
OHMIO,BARTER SHARING SL,COMERCIALIZADOR
OITA,SALTOS DEL OITAVEN,GENERACIÓN RECORE
OKENE,OK TU ENERGIA VERDE SL,COMERCIALIZADOR
OLE,SIESTA GREEN ENERGY S.L.,COMERCIALIZADOR
OLEX,"OLEXTRA, S.A.",GENERACIÓN
OLIV,OLIVENTO,GENERACIÓN RECORE
OLIVA,OLIVES AND PICKLES SL,CONSUMIDOR DIRECTO
OLIVC,OLIVIA COMERCIALIZADORA S.L.U.,COMERCIALIZADOR
OLLER,FRANCISCO OLLER S.A.,CONSUMIDOR DIRECTO
OLOTS,OLOT SALUT S.L.,CONSUMIDOR DIRECTO
ONDA,S.A. MINERA CATALANO ARAGONESA,GENERACIÓN
ONDAR,ONDARE UNIVERSIDAD SLU,CONSUMIDOR DIRECTO
ONDEM,ON DEMAND FACILITIES S.L.U.,COMERCIALIZADOR
ONE,OFFICE NATIONAL D'ELECTRICITÉ ET DE L'EAU POTABLE,COMERCIALIZADOR
ONS,ONDOAN SERVICIOS,CONSUMIDOR DIRECTO
OPPI,ESTRATEGIAS ELÉCTRICAS INTEGRALES S.A.,COMERCIALIZADOR
ORCIT,"ORGANIC CITRUS, S.L.U.",CONSUMIDOR DIRECTO
ORDEN,COMUNIDAD DE REGANTES DE LA SAT NUMERO 1273,CONSUMIDOR DIRECTO
ORIA,"PAPELERA DEL ORIA, S.A.",GENERACIÓN RECORE
ORWEL,ORWELL POWER SL,COMERCIALIZADOR
OSUNA,"OSUNA MISSION, S.L.",CONSUMIDOR DIRECTO
OURGR,"OUR GREEN ENERGY, S.L.",COMERCIALIZADOR
OUROL,HIDROELECTRICA DE OUROL,GENERACIÓN RECORE
OUTE,"ENERGIAS AMBIENTALES DE OUTES, S.A.",GENERACIÓN RECORE
OVLAC,OVLAC FABRICACIÓN DE MAQUINARIA AGRÍCOLA,CONSUMIDOR DIRECTO
OXPER,"OXPERTA GREEN ENERGY, SL",COMERCIALIZADOR
PAARA,"PAPEL ARALAR, S.A.",GENERACIÓN RECORE
PACO,PASERTEX COGENERACIÓN,GENERACIÓN
PALAB,PALABRA SOLAR SL,GENERACIÓN
PALEN,"ELECDEY PALENCIA, S.L.U",GENERACIÓN RECORE
PAMEC,PAMESA CERÁMICA S.L.,GENERACIÓN RECORE
PAMSA,PROMOTORA ANDRES MARTINEZ S.A.,GENERACIÓN RECORE
PANDO,"PANDORA ENERGÍA, S.L.",COMERCIALIZADOR
PARAM,"PARAMO DE LOS ANGOSTILLOS, S.L.",GENERACIÓN RECORE
PARAW,PARQUE EOLICO SIERRA DE AGUAS S.L.,GENERACIÓN
PARBK,PARQUE EÓLICO CERNÉGULA SL,GENERACIÓN
PBUIO,PARQUES EOLICOS DE BUIO,GENERACIÓN RECORE
PCOG,"PENINSULAR COGENERACIÓN, S.A.",GENERACIÓN
PDRSA,"PROYECTOS Y DESARROLLOS RENOVABLES, S.A.",GENERACIÓN RECORE
PDVA,"PIZARRAS DEL VALLE, S.L.",CONSUMIDOR DIRECTO
PEA,"PROYECTOS EÓLICOS ARAGONESES, S.L.",GENERACIÓN RECORE
PEAF,PARQUE EÓLICO DE AMEIXENDA-FILGUEIRA,GENERACIÓN RECORE
PEALT,"PROMOCIONES EÓLICAS DEL ALTIPLANO, S.A.U",GENERACIÓN RECORE
PEAR,"ENERGÍAS ESPECIALES DE PEÑA ARMADA, S.A.",GENERACIÓN RECORE
PEAST,"PRODUCCIONES ENERGÉTICAS ASTURIANAS, S.L.",GENERACIÓN RECORE
PEBEC,"PARQUE EÓLICO BECERRIL, S.L.",GENERACIÓN RECORE
PECKE,"PAPELERA ECKER, S.A.",GENERACIÓN
PECO,"PARQUE EÓLICO SAN ANDRÉS, S.A.",GENERACIÓN RECORE
PECR,PARQUES EÓLICOS CIUDAD REAL,GENERACIÓN RECORE
PEDRE,"EÓLICA EL PEDREGOSO, S.L.",GENERACIÓN RECORE
PEHSL,"PARQUE EOLICO EL HIERRO, S.L.",GENERACIÓN RECORE
PEL,PELLET ASTURIAS,CONSUMIDOR DIRECTO
PEM,PARQUE EOLICO DE MALPICA. S.A.,GENERACIÓN RECORE
PEMSL,"PARQUE EOLICO MONTAMARTA, S.L.",GENERACIÓN RECORE
PENAT,DICEPA PAPELERA DE ENATE,GENERACIÓN RECORE
PEPSL,"PARQUE EOLICO PEÑARROLDANA, S.L .",GENERACIÓN RECORE
PEPUR,"PARQUE EÓLICO PUERTO REAL I, S.L.U.",GENERACIÓN RECORE
PERAL,PARQUE EOLICO PERALEJO,GENERACIÓN RECORE
PERFI,PERFILES CONFORMADOS EN FRIO S.A.,CONSUMIDOR DIRECTO
PESAN,"PARC EOLIC SANT ANTONI, .SL.",GENERACIÓN RECORE
PESCA,PESCADOS MAÑERO S.L,CONSUMIDOR DIRECTO
PESL,"NIEVES ENERGIA, S.L.",COMERCIALIZADOR
PESLO,PARQUES EÓLICOS SAN LORENZO,GENERACIÓN RECORE
PETEN,PETROTERMICA ENERGIA S.A.,COMERCIALIZADOR
PETRO,"PETRÓLEOS DEL NORTE, S.A.",GENERACIÓN RECORE
PEUN,"PARQUE EOLICO LA UNION, S.L.",GENERACIÓN RECORE
PEUSA,"PRODUCTORA ELÉCTRICA URGELENSE-1, S.L.",GENERACIÓN
PEV,PARQUE EÓLICO DE VICEDO,GENERACIÓN RECORE
PEYFE,"PERALES Y FERRER, S.L.",CONSUMIDOR DIRECTO
PGUIZ,PAPELERA GUIPUZCOANA DE ZICUÑAGA,GENERACIÓN RECORE
PINDO,PINDO ELECTRICIDAD Y GAS SL,COMERCIALIZADOR
PIRON,"EUROARCE MINERÍA, S.A.",GENERACIÓN
PISUE,PISUERGA INFRAESTRUCTURAS ENERGETICAS SL,COMERCIALIZADOR
PLABO,"PLANTA SOLAR OPDE 47, S.L.",GENERACIÓN
PLABP,"PLANTA SOLAR OPDE 42, S.L.",GENERACIÓN
PLABQ,"PLANTA SOLAR OPDE 2, S.L.",GENERACIÓN
PLACA,CALES DE LA PLANA S.A.,CONSUMIDOR DIRECTO
PLACG,PLANA CAN GUITART S.L.,REPRESENTANTE
PLANA,"PLANTA SOLAR OPDE 1, S.L.",GENERACIÓN
PLAS,INDUSTRIAS PLASTICAS DEL PISUERGA S.A,CONSUMIDOR DIRECTO
PLASJ,PLASTICOS GRANADA SA,CONSUMIDOR DIRECTO
PLATA,MATADERO EL CABEZO DE LA PLATA SL,CONSUMIDOR DIRECTO
POLAR,POLAR COMERCIALIZADORA ELECTRICA SL,COMERCIALIZADOR
PONTA,"PONT, AURELL Y ARMENGOL S.L.",CONSUMIDOR DIRECTO
PONTC,"PONTS COM. MUNICIPAL DENERGIA ELECTRICA, S.L.U.",COMERCIALIZADOR
PORTU,PORTULOGOS POWER LDA,COMERCIALIZADOR
POTEN,POTENZIA COMERCIALIZADORA SL,COMERCIALIZADOR
POWED,POWER SOLAR TRADE SL,COMERCIALIZADOR
POWEE,POWER PULSE IBERIA SL,COMERCIALIZADOR
POWER,POWERMART APS,COMERCIALIZADOR
POZAL,"EÓLICA DE POZALMURO, S.L.",GENERACIÓN RECORE
POZO,"ELECTRICA DEL POZO, S. COOP. MAD.",COMERCIALIZADOR
PPJ,PARQUE EOLICO PLANA DE JARRETA,GENERACIÓN RECORE
PRADO,S.C.L.NTRA.SRA.DEL PRADO CASAR DE CACERES,CONSUMIDOR DIRECTO
PRAET,PRAETIUM ENERGY SL,COMERCIALIZADOR
PRECO,PRECOPAN SL,CONSUMIDOR DIRECTO
PRIN,"PAPELERA DEL PRINCIPADO, S.A.",GENERACIÓN
PRIO2,"TERMOSOLAR PALMA DE SAETILLA, S.L.",GENERACIÓN RECORE
PROAC,PROACTIVE HEALTH BOFILL,CONSUMIDOR DIRECTO
PRODU,PRODUCCIONES JOSE MANUBENS SA,CONSUMIDOR DIRECTO
PROGA,PROMOTORA EOLICA DE GALICIA,GENERACIÓN RECORE
PROPE,PROPENSALTERNATIVA - UNIPESSOAL LDA,COMERCIALIZADOR
PROPI,PROPICIMODUS-ENERGIA S.A.,COMERCIALIZADOR
PRORE,"PRODUCTOR REGIONAL DE ENERGIA RENOVABLE, S.A.",GENERACIÓN RECORE
PROSA,PROSOL ENERGÍA COMERCIALIZADORA SL,COMERCIALIZADOR
PROTC,"PROT ENERGIA COMERCIALIZACION, SLU",COMERCIALIZADOR
PROTO,"VESTAS CANTABRIA PROTOTYPE, S.L.",GENERACIÓN RECORE
PRSN,PERSAN S.A.,CONSUMIDOR DIRECTO
PSCR,PIZARRAS SANTA CRUZ SL,CONSUMIDOR DIRECTO
PSE1,HELIOENERGY ELECTRICIDAD UNO S.A.,GENERACIÓN RECORE
PSE2,"HELIOENERGY ELECTRICIDAD DOS, S.A.",GENERACIÓN RECORE
PSJ17,PROMOSOLAR JUWI 17 SLU,GENERACIÓN
PTENG,PARATIENERGIA S.L,COMERCIALIZADOR
PTLIV,MEO ENERGIA COMERCIALIZACAO DE ENERGIA SA,COMERCIALIZADOR
PTROL,OCUO ENERGIA S.L.,COMERCIALIZADOR
PUEBL,ALCOHOLERA DE LA PUEBLA S.A,GENERACIÓN RECORE
PUEYO,"EOLICA PUEYO, S.L.",GENERACIÓN RECORE
PULSA,PULSAR SERVICIOS ENERGÉTICOS SL,COMERCIALIZADOR
PU100,ENCE ENERGIA PUERTOLLANO,GENERACIÓN
PWPLS,"POWER PLUS II - COMERCIALIZACAO DE ENERGIA, LDA.",COMERCIALIZADOR
PYCE,"PAPELES Y CARTONES DE EUROPA, S.A.",GENERACIÓN
QENER,QUASAR ENERGIA SL,COMERCIALIZADOR
QUANA,QUANTIUM LUX 6.4 S.L,COMERCIALIZADOR
QUANT,"QUANTICA COMERCIALIZADORA DE ENERGIA ,SL",COMERCIALIZADOR
QUINA,"INDUSTRIAL QUÍMICA DEL NALÓN ENERGÍA, S.A.",GENERACIÓN RECORE
QUIR,HIDROELÉCTRICA DE QUIRÓS,GENERACIÓN RECORE
RAMI,RAMILO S.L.,CONSUMIDOR DIRECTO
RCIER,"RENOVABLES DEL CIERZO, S.L.U.",GENERACIÓN
RCLM,RENOVABLES CASTILLA LA MANCHA,GENERACIÓN RECORE
RCONS,RENOVAE CONSULTING SL,COMERCIALIZADOR
RDGCO,"RDG COMERCIALIZADORA GALEGA DE ENERXIA, S.A.",COMERCIALIZADOR
RECON,REPRESENTANTES DE CONSUMIDORES EN EL MERCADO ELECT,REPRESENTANTE
REFRA,REFRACTARIOS KELSEN SA,CONSUMIDOR DIRECTO
REGAS,"REGASIFICADORA DEL NOROESTE, S.A.",CONSUMIDOR DIRECTO
REGIS,SELECCIO REGISA S.L.,CONSUMIDOR DIRECTO
REGUE,"PARQUE EÓLICO LAS REGUERAS, S.L.",GENERACIÓN RECORE
RELUZ,RELUZCA ENERGIA S.L,COMERCIALIZADOR
REMIC,"REMICA COMERCIALIZADORA, S.A.U.",COMERCIALIZADOR
RENCA,"RENCAT, A.I.E.",GENERACIÓN
RENOV,RENOVABLES SAMCA,GENERACIÓN RECORE
RENSP,FALCK NEXT ENERGY SRL SPAIN SUCURSAL,REPRESENTANTE
RENUE,"RENU ENERGY, S.L.",COMERCIALIZADOR
REPP,REPSOL FUELS SA,GENERACIÓN RECORE
REPPT,"REPSOL PORTUGUESA, LDA",COMERCIALIZADOR
REPQ,"REPSOL MATERIALS, S.A.",GENERACIÓN RECORE
REPSB,"REPSOL SERVICIOS RENOVABLES, S.A.",REPRESENTANTE
RESPA,RESPIRA ENERGIA ATLANTICA S.L.,COMERCIALIZADOR
RESRI,TRATAMIENTO DE RESIDUOS LA RIOJA S.L.,GENERACIÓN RECORE
REUSS,"REUS SERVEIS MUNICIPALS, SA",COMERCIALIZADOR
REVAL,"RECURSOS EÓLICOS DE LA VALDAVIA, S.L.",GENERACIÓN RECORE
REYSE,REYSE ENERGIA SL,COMERCIALIZADOR
RIBGS,RIBAGRANDE ENERGIA SL,GENERACIÓN
RINYA,FORMATGERIA GRANJA RINYA S.L.,CONSUMIDOR DIRECTO
RIOTC,"RIO TINTO CÍTRICOS, S.L.",CONSUMIDOR DIRECTO
RIOTF,"RIO TINTO REAL ESTATE, S.A.U.",CONSUMIDOR DIRECTO
RIVAS,AYUNTAMIENTO DE RIVAS-VACIAMADRID,CONSUMIDOR DIRECTO
RIVER,"RIVER-ENERGY, UNIPESSOAL LDA.",COMERCIALIZADOR
RLE,"ROQUETTE LAISA ESPAÑA, S.A.",GENERACIÓN RECORE
RLENA,"HIDROELÉCTRICA RÍO LENA, S.A.",GENERACIÓN RECORE
ROBLS,EL ROBLEDO EOLICA SL,GENERACIÓN
RODA,"CÍA ENERGÉTICA LA RODA, S.L.",GENERACIÓN
ROFEN,"ROFEICA ENERGIA, S.A.",COMERCIALIZADOR
ROKO,INDUSTRIAS ROKO,GENERACIÓN RECORE
ROLEA,ROLEAR - AUTOMATIZACOES ESTUDOS REPRESENTACOES SA,COMERCIALIZADOR
ROMAR,POSTRES LÁCTEOS ROMAR S.L.,CONSUMIDOR DIRECTO
ROMER,ANTIGUA VENTA LA ROMERA S.L,CONSUMIDOR DIRECTO
RONDA,ELECTRICA SERRANIA DE RONDA ENERGIA S.L.,COMERCIALIZADOR
ROZA,"PIZARRAS ROZADAIS, SL",CONSUMIDOR DIRECTO
RSPRA,"RESPIRA ENERGIA MEDITERRANIA, S.A.",COMERCIALIZADOR
RSPRE,"RESPIRA ENERGIA ESPAÑA, S.A.",GENERACIÓN
RUBIO,EÓLICA DE RUBIÓ,GENERACIÓN RECORE
RUNA,PARQUE EÓLICO DE A RUÑA,GENERACIÓN RECORE
SAFE,"SUSTAINING AIR FOR EVERYONE, S.R.L.",COMERCIALIZADOR
SAHKO,SAHKOA SMART ENERGY SL,COMERCIALIZADOR
SAICA,S.A. INDUSTRIAS CELULOSA ARAGONESA,GENERACIÓN RECORE
SAIMP,SAT N 9888 IMPERIO,CONSUMIDOR DIRECTO
SALCA,"EXPLOTACIONES EÓLICAS SIERRA DE ALCARAZ, S.L.",GENERACIÓN RECORE
SALPA,ELECTRICA SALAS DE PALLARS COMERCIALITZADORA S.L,COMERCIALIZADOR
SAMAR,"SAMARA ENERGIA VPP, S.L.",COMERCIALIZADOR
SAMP,"SAMPOL INGENIERIA Y OBRAS, S.A.",GENERACIÓN RECORE
SANAB,EÓLICA DE SANABRIA,GENERACIÓN RECORE
SANMI,"MINICENTRAL SAN MIGUEL, S.L.",GENERACIÓN RECORE
SANSE,PESCADERIAS SAN SEBASTIÁN SL,CONSUMIDOR DIRECTO
SANSO,SANLUCAR SOLAR,GENERACIÓN RECORE
SAPIE,SAPIENS ENERGIA COOP.V,COMERCIALIZADOR
SARGU,P. E LA SARGUILLA ,GENERACIÓN RECORE
SARSA,SARSA GRANELL S.L.U,CONSUMIDOR DIRECTO
SASKI,SASKI BASKONIA SAD,CONSUMIDOR DIRECTO
SASTA,"SÁSTAGO INDUSTRIAL, S.A.",GENERACIÓN
SATSP,SAT N 2903 SAN PEDRO,CONSUMIDOR DIRECTO
SAVAL,SISTEMES ENERGETICS SAVALLA DEL COMTAT S.A.U.,GENERACIÓN RECORE
SCALE,SCALEVANTE S.A,CONSUMIDOR DIRECTO
SCCAT,SALTOS Y CENTRALES DE CATALUNYA S.A.,GENERACIÓN RECORE
SCOST,"EXPLOTACIONES EOLICAS SIERRA COSTERA, S.A.",GENERACIÓN RECORE
SCREF,ALUMINA ESPAÑOLA,CONSUMIDOR DIRECTO
SCVA1,"SC VALORIZACIONES AGROPECUARIAS, S.L.",GENERACIÓN
SEA,SOCIEDAD EOLICA DE ANDALUCIA,GENERACIÓN RECORE
SEAES,"SISTEMAS ENERGÉTICOS DE LA ESTRADA, S.A.",GENERACIÓN RECORE
SECOB,SECOND FOUNDATION ENERGY AS,COMERCIALIZADOR
SECON,"SISTEMES ENERGETICS CONESA I, S.L.",GENERACIÓN RECORE
SEDAE,"SERVICIOS ENERGETICOS DE ALTA EFICIENCIA, S.A",REPRESENTANTE
SEDAT,UNITEX S.A.,CONSUMIDOR DIRECTO
SEGRA,SISTEMAS ENERGETICOS EL GRANADO,GENERACIÓN RECORE
SELA,"SOCIEDAD EÓLICA LOS LANCES, S.A.",GENERACIÓN RECORE
SELE,"SOCIETAT EÓLICA DE L'ENDERROCADA, S.A.",GENERACIÓN RECORE
SELEC,SELECT SERVICE PARTNER SA,CONSUMIDOR DIRECTO
SELVA,SIERRA DE SELVA,GENERACIÓN RECORE
SEM,SISTEMA ENERGÉTICOS MONCAYO,GENERACIÓN RECORE
SEMO,"SISTEMAS ENERGÉTICOS MAÑON ORTIGUEIRA, S.A.",GENERACIÓN RECORE
SENEN,"SENEN ENERGIA, S.L.U.",GENERACIÓN
SENEO,"SENEO, COOP. V.",COMERCIALIZADOR
SEPLA,"SISTEMAS ENERGÉTICOS LA PLANA, S.A.",GENERACIÓN RECORE
SER,"SOMOZAS ENERGÍAS RENOVABLES, S.A.",GENERACIÓN RECORE
SERV,SERVINERGIA ELECTRICA SL,COMERCIALIZADOR
SERVC,SERVICIOS ENERGÉTICOS AVANZADOS SL,COMERCIALIZADOR
SERVI,"SERVIKER 1, S.L.",GENERACIÓN RECORE
SESA,SHELL ESPAÑA,COMERCIALIZADOR
SEVS,SISTEMAS ENERGETICOS VALLE DE SEDANO,GENERACIÓN RECORE
SEXTS,SERVICIO EXTREMEÑO DE SALUD,CONSUMIDOR DIRECTO
SFAD,SCLBCE SAN FRANCISCO DE ASÍS,COMERCIALIZADOR
SGPOL,SOCIEDAD GALLEGA DE POLIMEROS SA,CONSUMIDOR DIRECTO
SHEEN,SHELL ENERGY EUROPE LIMITED,COMERCIALIZADOR
SHIRY,"SHIRYU ENERGIA, S.L.",COMERCIALIZADOR
SIAM,"Sistemas Energéticos Sierra del Andévalo, S.A.",GENERACIÓN RECORE
SIEAR,"LDV SIERRA DE ARCAS, S.L.",GENERACIÓN RECORE
SIEM,"PARQUE EOLICO SIERRA DEL MADERO, S.A.",GENERACIÓN RECORE
SIEMI,EOLICA DE SIERRA MINISTRA S.L,GENERACIÓN RECORE
SIGNO,"SIGNO ENERGY, S.L.",COMERCIALIZADOR
SILOS,HOTEL SANTO DOMINGO S.L.,CONSUMIDOR DIRECTO
SIMP,SIMPLIA ENERGIA S.L,COMERCIALIZADOR
SIMPE,SIMPLES ENERGIA DE ESPAÑA SL,COMERCIALIZADOR
SIRUS,"SERVEI DE INCINERACIO DELS RESIDUS URBANS, S.A.",GENERACIÓN RECORE
SJB,SAN JUAN DE BARGAS EOLICA,GENERACIÓN RECORE
SJUCA,SALTOS DEL JUCAR S.L.,GENERACIÓN
SLCZN,"SOLUZIONA TU ENERGÍA, S.L.",COMERCIALIZADOR
SLPRO,"SOLAR PROCESSES, S.A.",GENERACIÓN RECORE
SLQ,SULQUISA,GENERACIÓN RECORE
SMARC,SMARTESTENERGY LIMITED,COMERCIALIZADOR
SMG,STATKRAFT MARKETS GMBH,COMERCIALIZADOR
SMONC,"SERRA DO MOCOSO-CAMBÁS, S.L.",GENERACIÓN RECORE
SMUND,SALTOS DEL MUNDO,GENERACIÓN RECORE
SMURF,"SMURFIT KAPPA NERVION, S.A.",GENERACIÓN RECORE
SNIA,"SNIACE,S.A",GENERACIÓN RECORE
SNIC,"SNIACE ,S.A.",GENERACIÓN
SNIVI,VISCOCEL S.L.U,CONSUMIDOR DIRECTO
SNTEC,TEC 94,GENERACIÓN RECORE
SOCII,INGENIA SOCIIS INGENIERIA Y PROYECTOS ENERGETICOS,REPRESENTANTE
SOCIN,SOCIETE EUROPEENNE DE GESTION DE LENERGIE,COMERCIALIZADOR
SOGAM,"SOCIEDADE GALEGA DO MEDIOAMBIENTE, S.A.",GENERACIÓN RECORE
SOLER,SOLERA NAVARRA S.L,CONSUMIDOR DIRECTO
SOLFL,SOLFLIX SOLAR S.L.,COMERCIALIZADOR
SOLIM,"3 SOLIMA, SL",COMERCIALIZADOR
SOLL,"ELÉCTRICA SOLLERENSE, S.A.U.",COMERCIALIZADOR
SOLN1,"SOLNOVA ELECTRICIDAD, S.A.",GENERACIÓN RECORE
SOLN3,SOLNOVA ELECTRICIDAD TRES,GENERACIÓN RECORE
SOLN4,"SOLNOVA ELECTRICIDAD CUATRO, S.A.",GENERACIÓN RECORE
SOLRC,SOLARIA REPRESENTACION EN MERCADO S.L.,REPRESENTANTE
SOLRE,SOLUCIA RENOVABLES 1 S.L.,GENERACIÓN RECORE
SOLTE,LIMPIEZA ENERGÉTICA 2024 SL,COMERCIALIZADOR
SOLUA,SOLUCIONES INTEGRALES DE CURVADO S.L,CONSUMIDOR DIRECTO
SOLUZ,SONESTA LUZ,COMERCIALIZADOR
SOLV,SOLVAY QUÍMICA S.L.,GENERACIÓN RECORE
SOLWE,SOLWE ENERGÍA,COMERCIALIZADOR
SOMEN,SOM ENERGIA SCCL,COMERCIALIZADOR
SOMRE,SOM RENOVABLES SL,REPRESENTANTE
SOPRO,PROFIT ENERGY SL,COMERCIALIZADOR
SOREX,SORS MARKETS LTD,COMERCIALIZADOR
SOTO,"Parque Eólico la Sotonera, S.L.",GENERACIÓN RECORE
SPBB,THE SPB GLOBAL CORPORATION S.L,CONSUMIDOR DIRECTO
SPGG,PLASTIENVASE S.L,CONSUMIDOR DIRECTO
SPINR,SPINREACT SAU,CONSUMIDOR DIRECTO
SPOCK,SPOCK P2P S.L.,COMERCIALIZADOR
SQUIT,"PARQUE EÓLICO SANTA QUITERIA, S.L.",GENERACIÓN RECORE
SRVGS,SERVIGAS S.XXI S.A.,COMERCIALIZADOR
SSEEN,SSE ENERGY SUPPLY LIMITED,COMERCIALIZADOR
STACO,ELECTRICA MUNICIPAL DE SANTA COLOMA DE QUERALT COM,COMERCIALIZADOR
START,START CAMPUS ENERGY,COMERCIALIZADOR
STEN,STORA ENSO BARCELONA,GENERACIÓN RECORE
STIN,STIN S.A.,COMERCIALIZADOR
STROM,"ENERGY STROM XXI, S.L.",COMERCIALIZADOR
SUCAS,SUCA SDAD COOP ANDALUZA,COMERCIALIZADOR
SULA,SULAYR GLOBAL SERVICE S.L,CONSUMIDOR DIRECTO
SUMAE,SUMA ENERGIA COMERCIALIZADORA S.L.,COMERCIALIZADOR
SUMED,"SUMINISTROS MEDINA, S.L.",CONSUMIDOR DIRECTO
SUMIA,"SUMINISTROS PROPIOS ENERGIA, SLU",COMERCIALIZADOR
SUNAI,SUNAIR ONE ENERGY S.L.,COMERCIALIZADOR
SUNCA,"POWER WATT ENERGY ISLAND, S.L.",COMERCIALIZADOR
SUNCO,"SUNCORE ER - ENERGY RETAIL, UNIPESSOAL LDA",COMERCIALIZADOR
SUNFL,SUNFLIX RENOVABLES S.L.,COMERCIALIZADOR
SUNHO,SUNAIR ONE HOME S.L.,COMERCIALIZADOR
SUNPS,"SUN POWER SPAIN 365, S.L.",COMERCIALIZADOR
SVA,"SOTAVENTO GALICIA, S.A.",GENERACIÓN RECORE
SVDOS,ALTER ENERSUN MÉRIDA DOS S.L.,GENERACIÓN
SVOLT,"PARC EÒLIC SERRA VOLTORERA, S.L.",GENERACIÓN RECORE
SWAPE,SWAP ENERGIA S.A,COMERCIALIZADOR
SYENE,SHARE YOUR ENERGY SL,COMERCIALIZADOR
TABLI,"TABLICIA, S.A.",GENERACIÓN RECORE
TACIC,SISTEMAS ENERGÉTICOS TACICA DE PLATA S.A.U.,GENERACIÓN RECORE
TAGAL,TECNICOS ASOCIADOS GALLEGOS,GENERACIÓN RECORE
TALEN,TALARN ENERGIA ELECTRICA S.L.U,COMERCIALIZADOR
TALGA,METALGAR S.L.,CONSUMIDOR DIRECTO
TALSO,TALENTO SOLAR SL,GENERACIÓN
TALY,TATE & LYLE,GENERACIÓN RECORE
TAPOW,TARRAGONA POWER,GENERACIÓN
TASA,COMPAÑIA EOLICA TIERRAS ALTAS,GENERACIÓN RECORE
TAUL,"TAULELL, S.A.",GENERACIÓN RECORE
TAUTR,TAUTRA ENERGIA S.L.,COMERCIALIZADOR
TCIN,NEOELECTRA EL GRADO S.L.U.,GENERACIÓN
TEA,PARQUE EOLICO DE TEA,GENERACIÓN RECORE
TEBA,"TÉBAR EÓLICA, S.A.",GENERACIÓN RECORE
TECQU,TECNICAS DE COGENERACION DE QUART,GENERACIÓN
TEJAR,"VAPOR Y ELECTRICIDAD EL TEJAR, S.L.",GENERACIÓN RECORE
TENDE,TENSINA ENERGIA Y SERVICIOS SL,COMERCIALIZADOR
TERME,TERMESOL-50 S.A.,GENERACIÓN RECORE
TERSA,"TERSA - TRACTAMENT I SELECCIÓ DE RESIDUS, S.A.",GENERACIÓN RECORE
TEVI,TVITEC SYSTEM GLASS S.L,CONSUMIDOR DIRECTO
TEXOR,TEXTIL A ORTIZ SAU,CONSUMIDOR DIRECTO
TEXTB,TEXTIL PUIG UBACH SA,CONSUMIDOR DIRECTO
TGBSA,TGB S.A.,CONSUMIDOR DIRECTO
TGPL,TOTALENERGIES GAS AND POWER LIMITED,COMERCIALIZADOR
TGYE,TOTALENERGIES ELECTRICIDAD Y GAS ESPANA SAU,COMERCIALIZADOR
THELE,TH ELECTRICITY GAS SL,COMERCIALIZADOR
THER,THERMOLYMPIC S.L,CONSUMIDOR DIRECTO
TIATO,"TIERRA ATOMIZADA, S.A.",GENERACIÓN
TINTO,COMUNIDAD DE REGANTES TINTORERO,CONSUMIDOR DIRECTO
TIRMA,"TIRMADRID, S.A.",GENERACIÓN RECORE
TLCOR,TELECOR,REPRESENTANTE
TLECI,EL CORTE INGLES S.A.,CONSUMIDOR DIRECTO
TLSUP,SUPERCOR. S.A,CONSUMIDOR DIRECTO
TMADR,"PARC EOLIC DE TORRE MADRINA, S.L.U.",GENERACIÓN RECORE
TOBA,"SISTEMAS ENERGÉTICOS TORRALBA, S.A.",GENERACIÓN RECORE
TOMMY,"TOMMI ENERGY, S.L.",COMERCIALIZADOR
TOREC,SISTEMAS ENERGÉTICOS LA TORRECILLA S.A.,GENERACIÓN RECORE
TOREN,COMERCIALITZADORA TORRES ENERGIA SL,COMERCIALIZADOR
TORME,TORMESH SOLUTION SL,COMERCIALIZADOR
TORNA,TORNADIZOS ENERGY SL,COMERCIALIZADOR
TORPA,"TORRAS PAPEL, S.A.",GENERACIÓN RECORE
TORTE,TORTOSA ENERGIA (ACTIVIDAD: GENERACIÓN),GENERACIÓN
TORTO,"PARQUE EÓLICO DE TORTOSA, S.L.",GENERACIÓN RECORE
TOVAG,"TOVANPOR, S.L.",GENERACIÓN RECORE
TRADB,TRADEBE GESTION ESPAÑA SL,REPRESENTANTE
TRARG,TRARGISA,GENERACIÓN RECORE
TRAVE,HOTEL TRAVÉ S.L.,CONSUMIDOR DIRECTO
TRICL,TRICLINIUM INVERSIONES SL,COMERCIALIZADOR
TRISO,SECOND FOUNDATION TRADING AG,COMERCIALIZADOR
TRJUN,TRACTAMENTS DE JUNEDA SA,CONSUMIDOR DIRECTO
TRPOR,TRADEBE PORT SERVICES SL,CONSUMIDOR DIRECTO
TRUF,CHOCOLATE Y TRUFA S.L,CONSUMIDOR DIRECTO
TRUJI,BDPE HYBRID PACKAGE PROJECT I S.L.,GENERACIÓN
TRVAL,TRADEBE VALDILECHA SL,CONSUMIDOR DIRECTO
TSOL,TELEFÓNICA SOLUCIONES DE INFORMÁTICA Y COMUNICACIO,COMERCIALIZADOR
TSRDE,ENGELHART CTP RENEWABLES GMBH,COMERCIALIZADOR
TUCAN,TUCAN ENERGIA SL,COMERCIALIZADOR
TUELE,TU ELECTRICA S.L.,COMERCIALIZADOR
TUREG,"DESIMPACTO DE PURINES TUREGANO, S.A.",GENERACIÓN RECORE
UFICS,"COGENERACIÓN UFIC, S.A.",GENERACIÓN RECORE
ULSOL,ULTREYA SOLUCIONES SL,COMERCIALIZADOR
ULTR,ULTRANSA SL,CONSUMIDOR DIRECTO
UMBRE,"UMBRELLA ELECTRON, S.L.",COMERCIALIZADOR
UMEME,"OCTOPUS ENERGY ESPAÑA, S.L.",COMERCIALIZADOR
UMIA,HIDROELECTRICA DEL UMIA S.L.,GENERACIÓN RECORE
UNEL,UNIELECTRICA ENERGIA S.A.,COMERCIALIZADOR
UNIDO,UNIARTE DOORS SL,CONSUMIDOR DIRECTO
UNTAL,"SOCIEDAD EOLICA EL PUNTAL, S.L.",GENERACIÓN RECORE
UNZUE,"EÓLICA UNZÚE, S.L.",GENERACIÓN RECORE
URAIV,"EVOLVE ENERGÍA, SL",COMERCIALIZADOR
URANA,"COMERCIALIZADORA HAZ DE LUZ RENOVABLE, S.L.U.",COMERCIALIZADOR
URANB,"URANOSCOPIDAE ENERGIA VI, S.L.",COMERCIALIZADOR
URANC,"URANOSCOPIDAE VII ENERGIA, S.L.",COMERCIALIZADOR
URBEN,SISTEMAS URBANOS DE ENERGIAS RENOVABLES S.L,REPRESENTANTE
URSOS,"URSO SOLAR, S.L.",GENERACIÓN
URUSE,URUS ENERGY SORIA SL,COMERCIALIZADOR
USENE,USENERGY,COMERCIALIZADOR
UTISA,"UTISA TABLEROS DEL MEDITERRANEO, S.L.",GENERACIÓN
VALAI,VALVERDE AIRESANO 1929 S.L.U.,CONSUMIDOR DIRECTO
VALCA,"PARQUE EOLICO VALCAIRE, S.L.",GENERACIÓN RECORE
VALDA,"PIZARRAS VALDACAL, SA",CONSUMIDOR DIRECTO
VALDI,"VALDIVIA ENERGIA EÓLICA, S.A.",GENERACIÓN RECORE
VALEA,VALERO FORN TRADICIONAL SL,CONSUMIDOR DIRECTO
VALI,"HIDROELECTRICA DEL VALIRA, S.L.",COMERCIALIZADOR
VALLS,"INDUSTRIAL AIGUA DE VALLS, S.A.",GENERACIÓN RECORE
VALOR,TEXTIL VALOR S.L.,CONSUMIDOR DIRECTO
VANGE,HIDROELECTRICA VILLA DE LOS ANGELES,GENERACIÓN RECORE
VAQ,ELÉCTRICA VAQUER ENERGÍA,COMERCIALIZADOR
VARAE,VARAENER,COMERCIALIZADOR
VDLUZ,AYR INTERXAT IBERICA SL,COMERCIALIZADOR
VDM,PARQUE EÓLICO DE VIRXE DO MONTE,GENERACIÓN RECORE
VDMIN,VALDEMINGOMEZ 2000,GENERACIÓN RECORE
VECIA,"PARC EOLIC VECIANA-CABARO, S.L.",GENERACIÓN RECORE
VECTO,VECTOR ENERGIA SL,COMERCIALIZADOR
VEGVE,"VALORIZACION ENERGETICA DE GAS DE VERTEDERO,SL",GENERACIÓN
VELTA,VELETA ENERGÍA SL,COMERCIALIZADOR
VENT,"ECOVENT PARC EOLIC, S.A.",GENERACIÓN RECORE
VEOLI,"VEOLIA PROPRETE, S.A.",GENERACIÓN RECORE
VESTA,"VESTAS EOLICA, S.A.U.",GENERACIÓN RECORE
VICAL,ESTACION DE SERVICIO VICALVARO S.A.U,CONSUMIDOR DIRECTO
VIEE,REPSOL COMERCIALIZADORA DE ELECTRICIDAD Y GAS SLU,COMERCIALIZADOR
VIEG,"REPSOL GENERACIÓN ELÉCTRICA, S.A",GENERACIÓN
VIEPR,GENERACIONES ELECTRICAS ANDALUCIA S.L.,GENERACIÓN
VIKIN,"VIKING ENERGÍA, S.L.",COMERCIALIZADOR
VILDA,PARC EOLIC VILALBA DELS ARCS S.L.U.,GENERACIÓN RECORE
VIMCO,VIMCOMEL,COMERCIALIZADOR
VINAL,"ELECTRICA DE VINALESA, S.C.V.",COMERCIALIZADOR
VINAO,VIÑAOLIVA S.COOP.,CONSUMIDOR DIRECTO
VINI,COMPLEJOS DE VINILO S.A,CONSUMIDOR DIRECTO
VIRAN,VIRANDEL S.L,GENERACIÓN RECORE
VIRGE,AREA DE SERVICIO VIRGEN DE LA PEÑA S.L,CONSUMIDOR DIRECTO
VIRGI,VIRGIN ELECTRIC,COMERCIALIZADOR
VIROQ,"VIROQUE ENERGY, S.L.",COMERCIALIZADOR
VIRTM,SOCIEDAD ARAGONESA DE COMERCIALIZACIÓN DE ENERGÍA,COMERCIALIZADOR
VISAL,VISALIA ENERGIA SLU,COMERCIALIZADOR
VITEC,VITA ENERGY CONSULTING SL,REPRESENTANTE
VIVA,VIVA ENERGIA Y SOLUCIONES S.L.,COMERCIALIZADOR
VIVO,VIVO ENERGIA FUTURA S.A.,COMERCIALIZADOR
VOLTN,VOLTON - ENERGIA E SOLUCOES LDA,COMERCIALIZADOR
VOLTR,"DESIMPACTE DE PURINS VOLTREGA, S.A.",GENERACIÓN RECORE
VPFIL,"VALLES PLASTIC FILM, S.L.",CONSUMIDOR DIRECTO
WAGEN,ARAGON WAGEN SL,CONSUMIDOR DIRECTO
WARTS,WARTSILA IBERICA S.A.,GENERACIÓN RECORE
WATIO,"QUIERO LUZ, SL",COMERCIALIZADOR
WEKIW,WEKIWI SL,COMERCIALIZADOR
WIGEP,"WIGEP ANDALUCIA, S.A.",GENERACIÓN RECORE
WINDP,ACCIONA WINDPOWER S.A.,GENERACIÓN RECORE
WMARK,"WIND TO MARKET, S.A.",COMERCIALIZADOR
XUNQ,"CERÁMICA XUNQUEIRA, S.A.",CONSUMIDOR DIRECTO
YELLO,"THE YELLOW ENERGY, S.L.",COMERCIALIZADOR
ZABAL,"ZABALGARBI, S.A.",GENERACIÓN RECORE
ZELTR,ZELTRIA ENERGIA,COMERCIALIZADOR
ZENON,"ZENON ENERGIA, S.L.",COMERCIALIZADOR
ZERE,ZEREP CARBONICAS Y AGUAS S.A,CONSUMIDOR DIRECTO
ZEREN,DOMESTICA GAS Y ELECTRICIDAD SL,COMERCIALIZADOR
ZETAE,"ZETA ENERXIA GALEGA, S.L.",COMERCIALIZADOR
ZRMTT,COMERCIALIZADORA ELECTRICA COMUNIDAD SOLAR,COMERCIALIZADOR
ZUGCR,"ZUG POWER, S.L. - SUCURSAL EM PORTUGAL",COMERCIALIZADOR
ZUGPW,ZUG POWER SL,COMERCIALIZADOR
ZULU,DINERGETICA 2050 SLU,COMERCIALIZADOR
